timestamp,run_id,from_cloud,from_region,to_cloud,to_region,bitrate_Bps,avgrtt,gcp_vm,aws_vm
2022-02-17T10:31:28Z,itipil,GCP,us-east1,GCP,europe-central2,254935040.0,111.543,e2-small,
2022-02-17T10:33:43Z,ujoboz,GCP,us-east1,GCP,europe-central2,265158656.0,111.929,e2-small,
2022-02-17T10:42:57Z,ububac,GCP,us-west3,AWS,us-west-2,205914112.0,40.614,e2-small,t3.nano
2022-02-17T10:42:07Z,ububac,AWS,us-west-2,GCP,us-west3,709885952.0,40.095,e2-small,t3.nano
2022-02-17T10:41:43Z,ububac,AWS,us-west-2,GCP,us-west4,718012416.0,40.544,e2-small,t3.nano
2022-02-17T10:42:32Z,ububac,GCP,us-west3,GCP,us-west4,1181351936.0,19.845,e2-small,
2022-02-17T10:41:19Z,ububac,GCP,us-west4,GCP,us-west3,1194459136.0,19.938,e2-small,
2022-02-17T10:40:41Z,ububac,GCP,us-west4,AWS,us-west-2,228196352.0,39.477,e2-small,t3.nano
2022-02-17T10:52:57Z,iqeqaj,GCP,us-west2,AWS,us-east-2,143785984.0,67.905,e2-small,t3.nano
2022-02-17T10:53:19Z,iqeqaj,AWS,us-east-2,AWS,us-west-1,171835392.0,51.767,,t3.nano
2022-02-17T10:52:30Z,iqeqaj,GCP,us-west2,AWS,us-west-1,831258624.0,10.349,e2-small,t3.nano
2022-02-17T10:52:04Z,iqeqaj,AWS,us-west-1,AWS,us-east-2,169869312.0,51.779,,t3.nano
2022-02-17T10:51:40Z,iqeqaj,AWS,us-west-1,GCP,us-west2,1820852224.0,10.3,e2-small,t3.nano
2022-02-17T10:53:42Z,iqeqaj,AWS,us-east-2,GCP,us-west2,435552256.0,67.74,e2-small,t3.nano
2022-02-17T12:15:46Z,iwecon,GCP,us-east4,AWS,us-east-1,1198391296.0,2.95,e2-small,t3.nano
2022-02-17T12:14:13Z,iwecon,GCP,us-west1,GCP,us-east4,525729792.0,58.472,e2-small,
2022-02-17T12:13:47Z,iwecon,GCP,us-west1,AWS,us-east-1,138805248.0,63.156,e2-small,t3.nano
2022-02-17T12:15:22Z,iwecon,GCP,us-east4,GCP,us-west1,522321920.0,58.855,e2-small,
2022-02-17T12:14:57Z,iwecon,AWS,us-east-1,GCP,us-east4,4928307200.0,3.007,e2-small,t3.nano
2022-02-17T12:14:35Z,iwecon,AWS,us-east-1,GCP,us-west1,466485248.0,63.131,e2-small,t3.nano
2022-02-17T12:30:21.798332Z,ekoqaf,GCP,southamerica-east1,AWS,eu-west-2,44302336,191.368,e2-small,t3.nano
2022-02-17T12:30:21.798332Z,ekoqaf,GCP,us-central1,GCP,asia-southeast2,128712704,207.831,e2-small,
2022-02-17T12:30:21.798332Z,ekoqaf,GCP,europe-west2,AWS,ap-northeast-1,37486592,222.578,e2-small,t3.nano
2022-02-17T12:30:21.798332Z,ekoqaf,AWS,eu-west-1,GCP,europe-west4,1180434432,21.201,e2-small,t3.nano
2022-02-17T12:30:21.798332Z,ekoqaf,AWS,eu-west-3,GCP,asia-southeast1,127401984,203.746,e2-small,t3.nano
2022-02-17T12:30:21.798332Z,ekoqaf,AWS,ap-southeast-2,GCP,asia-southeast1,305266688,93.254,e2-small,t3.nano
2022-02-17T12:30:21.798332Z,ekoqaf,GCP,europe-north1,GCP,europe-west1,901120000,34.593,e2-small,
2022-02-17T12:30:21.798332Z,ekoqaf,AWS,eu-west-1,AWS,eu-central-1,361889792,23.605,,t3.nano
2022-02-17T12:30:21.798332Z,ekoqaf,AWS,ap-southeast-1,AWS,eu-west-2,49807360,170.157,,t3.nano
2022-02-17T12:30:21.798332Z,ekoqaf,AWS,ap-southeast-1,GCP,asia-southeast2,1789001728,15.744,e2-small,t3.nano
2022-02-17T12:30:21.798332Z,ekoqaf,GCP,asia-south1,AWS,ap-southeast-2,56754176,152.255,e2-small,t3.nano
2022-02-17T12:30:21.798332Z,ekoqaf,GCP,europe-west3,AWS,ap-south-1,63569920,134.631,e2-small,t3.nano
2022-02-17T12:30:21.798332Z,ekoqaf,AWS,ca-central-1,AWS,eu-west-1,125304832,68.622,,t3.nano
2022-02-17T12:30:21.798332Z,ekoqaf,GCP,asia-southeast2,GCP,asia-south2,362807296,81.196,e2-small,
2022-02-17T12:30:21.798332Z,ekoqaf,GCP,northamerica-northeast1,GCP,australia-southeast1,138805248,197.550,e2-small,
2022-02-17T12:30:21.798332Z,ekoqaf,GCP,europe-west4,GCP,us-central1,276561920,106.134,e2-small,
2022-02-17T12:30:21.798332Z,ekoqaf,GCP,europe-west4,GCP,asia-south1,200015872,141.991,e2-small,
2022-02-17T12:30:21.798332Z,ekoqaf,AWS,eu-west-2,AWS,ap-southeast-2,31064064,266.854,,t3.nano
2022-02-17T12:30:21.798332Z,ekoqaf,GCP,europe-west3,GCP,australia-southeast1,94633984,274.552,e2-small,
2022-02-17T12:30:21.798332Z,ekoqaf,AWS,ap-southeast-2,GCP,southamerica-east1,79822848,299.812,e2-small,t3.nano
2022-02-17T12:30:21.798332Z,ekoqaf,AWS,ap-southeast-2,GCP,europe-west3,86245376,285.119,e2-small,t3.nano
2022-02-17T12:30:21.798332Z,ekoqaf,GCP,southamerica-east1,AWS,ap-northeast-2,28311552,288.141,e2-small,t3.nano
2022-02-17T12:30:21.798332Z,ekoqaf,GCP,asia-northeast3,AWS,eu-north-1,30670848,271.394,e2-small,t3.nano
2022-02-17T12:30:21.798332Z,ekoqaf,AWS,ap-northeast-1,AWS,ca-central-1,58589184,142.546,,t3.nano
2022-02-17T12:30:21.798332Z,ekoqaf,AWS,ap-northeast-3,GCP,us-central1,210763776,135.833,e2-small,t3.nano
2022-02-17T12:30:21.798332Z,ekoqaf,AWS,ap-northeast-3,GCP,asia-south1,214564864,128.373,e2-small,t3.nano
2022-02-17T12:30:21.798332Z,ekoqaf,GCP,europe-north1,AWS,ca-central-1,72613888,118.039,e2-small,t3.nano
2022-02-17T12:30:21.798332Z,ekoqaf,AWS,eu-central-1,GCP,asia-south1,211419136,135.532,e2-small,t3.nano
2022-02-17T12:30:21.798332Z,ekoqaf,AWS,eu-central-1,GCP,us-central1,262668288,108.168,e2-small,t3.nano
2022-02-17T12:30:21.798332Z,ekoqaf,AWS,ap-northeast-3,AWS,ap-southeast-1,125829120,66.916,,t3.nano
2022-02-17T12:30:21.798332Z,ekoqaf,GCP,europe-west1,GCP,asia-northeast3,107741184,247.278,e2-small,
2022-02-17T12:30:21.798332Z,ekoqaf,AWS,eu-west-3,AWS,ap-south-1,60555264,131.754,,t3.nano
2022-02-17T12:30:21.798332Z,ekoqaf,GCP,australia-southeast2,GCP,northamerica-northeast1,128974848,209.973,e2-small,
2022-02-17T12:30:21.798332Z,ekoqaf,GCP,northamerica-northeast2,GCP,asia-south1,122028032,223.149,e2-small,
2022-02-17T12:30:21.798332Z,ekoqaf,GCP,northamerica-northeast2,GCP,us-central1,1190395904,23.003,e2-small,
2022-02-17T12:30:21.798332Z,ekoqaf,GCP,europe-north1,AWS,ap-south-1,52035584,166.787,e2-small,t3.nano
2022-02-17T12:30:21.798332Z,ekoqaf,GCP,us-central1,AWS,ap-northeast-1,65798144,133.996,e2-small,t3.nano
2022-02-17T12:30:21.798332Z,ekoqaf,GCP,europe-west6,GCP,europe-west2,1175846912,21.320,e2-small,
2022-02-17T12:30:21.798332Z,ekoqaf,GCP,asia-southeast2,GCP,europe-west6,135659520,202.288,e2-small,
2022-02-17T12:30:21.798332Z,ekoqaf,GCP,asia-south1,GCP,asia-southeast2,401342464,78.002,e2-small,
2022-02-17T12:30:21.798332Z,ekoqaf,AWS,ca-central-1,GCP,asia-northeast3,145489920,187.819,e2-small,t3.nano
2022-02-17T12:30:21.798332Z,ekoqaf,GCP,asia-south2,AWS,eu-central-1,49938432,172.226,e2-small,t3.nano
2022-02-17T12:30:21.798332Z,ekoqaf,GCP,australia-southeast1,GCP,australia-southeast2,1208090624,15.351,e2-small,
2022-02-17T12:30:21.798332Z,ekoqaf,GCP,southamerica-east1,GCP,northamerica-northeast1,221904896,128.397,e2-small,
2022-02-17T12:30:21.798332Z,ekoqaf,AWS,ap-northeast-1,AWS,ap-south-1,65798144,126.268,,t3.nano
2022-02-17T12:30:21.798332Z,ekoqaf,AWS,eu-west-2,GCP,northamerica-northeast1,363200512,77.656,e2-small,t3.nano
2022-02-17T12:30:21.798332Z,ekoqaf,AWS,ap-northeast-1,GCP,australia-southeast1,181010432,144.570,e2-small,t3.nano
2022-02-17T12:30:21.798332Z,ekoqaf,GCP,asia-south2,GCP,asia-southeast1,428867584,72.766,e2-small,
2022-02-17T12:30:21.798332Z,ekoqaf,AWS,eu-west-3,AWS,sa-east-1,42336256,195.410,,t3.nano
2022-02-17T12:30:21.798332Z,ekoqaf,AWS,ap-northeast-1,GCP,europe-west1,109314048,226.530,e2-small,t3.nano
2022-02-17T12:30:21.798332Z,ekoqaf,AWS,ap-south-1,AWS,ap-southeast-2,54657024,155.386,,t3.nano
2022-02-17T12:30:21.798332Z,ekoqaf,GCP,asia-south2,GCP,europe-west4,163315712,161.682,e2-small,
2022-02-17T12:30:21.798332Z,ekoqaf,GCP,asia-southeast1,AWS,eu-north-1,38010880,226.222,e2-small,t3.nano
2022-02-17T12:30:21.798332Z,ekoqaf,AWS,ap-southeast-1,AWS,ap-southeast-2,88997888,92.256,,t3.nano
2022-02-17T12:30:21.798332Z,ekoqaf,AWS,eu-central-1,GCP,europe-west2,1545994240,15.401,e2-small,t3.nano
2022-02-17T12:30:21.798332Z,ekoqaf,GCP,northamerica-northeast1,AWS,eu-west-3,98172928,87.052,e2-small,t3.nano
2022-02-17T12:30:21.798332Z,ekoqaf,GCP,australia-southeast1,AWS,sa-east-1,27394048,305.157,e2-small,t3.nano
2022-02-17T12:30:21.798332Z,ekoqaf,GCP,asia-south2,AWS,eu-west-3,52428800,160.321,e2-small,t3.nano
2022-02-17T12:30:21.798332Z,ekoqaf,GCP,europe-west2,AWS,eu-north-1,274202624,32.216,e2-small,t3.nano
2022-02-17T12:30:21.798332Z,ekoqaf,AWS,eu-west-3,GCP,europe-west6,1773010944,13.658,e2-small,t3.nano
2022-02-17T12:30:21.798332Z,ekoqaf,GCP,australia-southeast1,GCP,asia-south1,181534720,157.607,e2-small,
2022-02-17T12:30:21.798332Z,ekoqaf,GCP,australia-southeast1,GCP,us-central1,157810688,175.426,e2-small,
2022-02-17T12:30:21.798332Z,ekoqaf,GCP,asia-southeast1,AWS,sa-east-1,24641536,326.678,e2-small,t3.nano
2022-02-17T12:30:21.798332Z,ekoqaf,AWS,ap-northeast-2,AWS,eu-west-1,35651584,229.099,,t3.nano
2022-02-17T12:30:21.798332Z,ekoqaf,GCP,australia-southeast2,GCP,europe-west2,87949312,287.011,e2-small,
2022-02-17T12:30:21.798332Z,ekoqaf,GCP,europe-west2,GCP,asia-south2,174194688,165.259,e2-small,
2022-02-17T12:30:21.798332Z,ekoqaf,AWS,eu-west-2,GCP,europe-west1,1992294400,10.977,e2-small,t3.nano
2022-02-17T12:30:21.798332Z,ekoqaf,GCP,europe-west4,GCP,northamerica-northeast1,328859648,88.092,e2-small,
2022-02-17T12:30:21.798332Z,ekoqaf,GCP,europe-west4,AWS,ap-south-1,60293120,142.295,e2-small,t3.nano
2022-02-17T12:30:21.798332Z,ekoqaf,GCP,asia-southeast1,AWS,ap-southeast-2,93716480,94.501,e2-small,t3.nano
2022-02-17T12:30:21.798332Z,ekoqaf,GCP,asia-south1,AWS,ca-central-1,38666240,222.343,e2-small,t3.nano
2022-02-17T12:30:21.798332Z,ekoqaf,GCP,australia-southeast1,AWS,eu-west-3,1179648,268.433,e2-small,t3.nano
2022-02-17T12:30:21.798332Z,ekoqaf,GCP,australia-southeast2,AWS,ap-northeast-3,58982400,146.449,e2-small,t3.nano
2022-02-17T12:30:21.798332Z,ekoqaf,AWS,eu-north-1,GCP,europe-west1,967573504,30.986,e2-small,t3.nano
2022-02-17T12:30:21.798332Z,ekoqaf,GCP,northamerica-northeast1,AWS,sa-east-1,68157440,127.751,e2-small,t3.nano
2022-02-17T12:30:21.798332Z,ekoqaf,AWS,ap-southeast-1,GCP,europe-west6,140902400,195.479,e2-small,t3.nano
2022-02-17T12:30:21.798332Z,ekoqaf,GCP,asia-southeast2,GCP,northamerica-northeast2,123338752,219.443,e2-small,
2022-02-17T12:30:21.798332Z,ekoqaf,AWS,ap-south-1,GCP,asia-south2,487981056,22.357,e2-small,t3.nano
2022-02-17T12:30:21.798332Z,ekoqaf,GCP,asia-southeast1,AWS,eu-west-3,43253760,203.414,e2-small,t3.nano
2022-02-17T12:30:21.798332Z,ekoqaf,GCP,australia-southeast2,AWS,ap-south-1,59506688,146.694,e2-small,t3.nano
2022-02-17T12:30:21.798332Z,ekoqaf,GCP,northamerica-northeast2,AWS,ap-southeast-2,42598400,202.025,e2-small,t3.nano
2022-02-17T12:30:21.798332Z,ekoqaf,GCP,asia-south2,AWS,sa-east-1,20578304,375.867,e2-small,t3.nano
2022-02-17T12:30:21.798332Z,ekoqaf,GCP,europe-north1,GCP,australia-southeast1,85852160,294.610,e2-small,
2022-02-17T12:30:21.798332Z,ekoqaf,GCP,asia-northeast3,GCP,asia-south2,197525504,152.886,e2-small,
2022-02-17T12:30:21.798332Z,ekoqaf,AWS,ap-south-1,AWS,eu-central-1,61472768,133.507,,t3.nano
2022-02-17T12:30:21.798332Z,ekoqaf,AWS,eu-west-3,GCP,australia-southeast2,87949312,281.181,e2-small,t3.nano
2022-02-17T12:30:21.798332Z,ekoqaf,AWS,eu-west-2,AWS,ca-central-1,111280128,75.796,,t3.nano
2022-02-17T12:30:21.798332Z,ekoqaf,AWS,eu-north-1,GCP,australia-southeast1,83099648,290.276,e2-small,t3.nano
2022-02-17T12:30:21.798332Z,ekoqaf,AWS,sa-east-1,AWS,ap-northeast-1,32505856,255.289,,t3.nano
2022-02-17T12:30:21.798332Z,ekoqaf,AWS,ap-south-1,GCP,europe-west4,187432960,142.705,e2-small,t3.nano
2022-02-17T12:30:21.798332Z,ekoqaf,GCP,us-central1,GCP,asia-south2,96993280,256.486,e2-small,
2022-02-17T12:30:21.798332Z,ekoqaf,AWS,eu-west-2,AWS,eu-north-1,266207232,31.525,,t3.nano
2022-02-17T12:30:21.798332Z,ekoqaf,AWS,ca-central-1,GCP,northamerica-northeast1,4638638080,2.800,e2-small,t3.nano
2022-02-17T12:30:21.798332Z,ekoqaf,AWS,ap-northeast-2,GCP,northamerica-northeast1,147324928,187.643,e2-small,t3.nano
2022-02-17T12:30:21.798332Z,ekoqaf,AWS,ap-northeast-3,GCP,asia-northeast3,1017774080,27.920,e2-small,t3.nano
2022-02-17T12:30:21.798332Z,ekoqaf,AWS,ca-central-1,GCP,europe-north1,245104640,116.782,e2-small,t3.nano
2022-02-17T12:30:21.798332Z,ekoqaf,AWS,ap-northeast-2,GCP,europe-west4,95944704,255.561,e2-small,t3.nano
2022-02-17T12:30:21.798332Z,ekoqaf,AWS,eu-north-1,AWS,ca-central-1,79298560,106.496,,t3.nano
2022-02-17T12:30:21.798332Z,ekoqaf,GCP,australia-southeast2,AWS,ap-southeast-1,102629376,87.158,e2-small,t3.nano
2022-02-17T12:30:21.798332Z,ekoqaf,AWS,eu-west-1,AWS,eu-west-2,719323136,12.538,,t3.nano
2022-02-17T12:30:21.798332Z,ekoqaf,AWS,ap-northeast-3,GCP,europe-west3,109051904,234.218,e2-small,t3.nano
2022-02-17T12:30:21.798332Z,ekoqaf,GCP,asia-south1,GCP,europe-west1,207093760,138.315,e2-small,
2022-02-17T12:30:21.798332Z,ekoqaf,GCP,asia-southeast1,GCP,europe-west3,142213120,192.161,e2-small,
2022-02-17T12:30:21.798332Z,ekoqaf,AWS,ap-northeast-2,AWS,eu-central-1,34471936,235.662,,t3.nano
2022-02-17T12:30:21.798332Z,ekoqaf,AWS,ap-south-1,GCP,asia-southeast1,463601664,55.583,e2-small,t3.nano
2022-02-17T12:30:21.798332Z,ekoqaf,GCP,europe-west4,GCP,asia-northeast3,101187584,253.047,e2-small,
2022-02-17T12:30:21.798332Z,ekoqaf,GCP,australia-southeast1,AWS,ap-south-1,58720256,152.153,e2-small,t3.nano
2022-02-17T12:30:21.798332Z,ekoqaf,GCP,europe-west1,GCP,australia-southeast2,92405760,280.143,e2-small,
2022-02-17T12:30:21.798332Z,ekoqaf,AWS,ca-central-1,AWS,eu-north-1,77725696,106.525,,t3.nano
2022-02-17T12:30:21.798332Z,ekoqaf,GCP,asia-south1,GCP,asia-south2,1195114496,22.365,e2-small,
2022-02-17T12:30:21.798332Z,ekoqaf,GCP,europe-west4,GCP,europe-west1,1194196992,10.369,e2-small,
2022-02-17T12:30:21.798332Z,ekoqaf,AWS,ap-southeast-2,GCP,australia-southeast1,4634050560,3.024,e2-small,t3.nano
2022-02-17T12:30:21.798332Z,ekoqaf,GCP,asia-southeast1,GCP,europe-west2,132251648,203.667,e2-small,
2022-02-17T12:30:21.798332Z,ekoqaf,GCP,northamerica-northeast2,AWS,ap-northeast-1,63438848,146.696,e2-small,t3.nano
2022-02-17T12:30:21.798332Z,ekoqaf,AWS,ca-central-1,GCP,asia-south2,87687168,270.089,e2-small,t3.nano
2022-02-17T12:30:21.798332Z,ekoqaf,AWS,sa-east-1,GCP,asia-northeast3,85721088,293.086,e2-small,t3.nano
2022-02-17T12:30:21.798332Z,ekoqaf,AWS,eu-west-1,AWS,eu-west-3,494534656,16.585,,t3.nano
2022-02-17T12:30:21.798332Z,ekoqaf,AWS,ap-northeast-3,GCP,europe-west2,116654080,224.721,e2-small,t3.nano
2022-02-17T12:30:21.798332Z,ekoqaf,GCP,asia-southeast1,AWS,ap-northeast-1,124387328,72.837,e2-small,t3.nano
2022-02-17T12:30:21.798332Z,ekoqaf,GCP,us-central1,GCP,europe-west1,293732352,100.002,e2-small,
2022-02-17T12:30:21.798332Z,ekoqaf,GCP,europe-north1,GCP,asia-southeast1,118226944,222.910,e2-small,
2022-02-17T12:30:21.798332Z,ekoqaf,AWS,eu-west-1,GCP,asia-northeast3,103677952,252.151,e2-small,t3.nano
2022-02-17T12:30:21.798332Z,ekoqaf,GCP,europe-west1,AWS,eu-north-1,316145664,30.920,e2-small,t3.nano
2022-02-17T12:30:21.798332Z,ekoqaf,GCP,asia-southeast2,AWS,eu-north-1,34996224,235.377,e2-small,t3.nano
2022-02-17T12:30:21.798332Z,ekoqaf,AWS,eu-west-2,GCP,asia-south2,164233216,163.088,e2-small,t3.nano
2022-02-17T12:30:21.798332Z,ekoqaf,AWS,eu-north-1,GCP,asia-south1,175374336,156.233,e2-small,t3.nano
2022-02-17T12:30:21.798332Z,ekoqaf,AWS,eu-north-1,GCP,us-central1,234356736,123.019,e2-small,t3.nano
2022-02-17T12:30:21.798332Z,ekoqaf,AWS,eu-central-1,GCP,asia-southeast1,134610944,206.184,e2-small,t3.nano
2022-02-17T12:30:21.798332Z,ekoqaf,AWS,ap-southeast-1,AWS,ap-northeast-1,113508352,72.948,,t3.nano
2022-02-17T12:30:21.798332Z,ekoqaf,GCP,asia-south1,GCP,australia-southeast1,184942592,157.575,e2-small,
2022-02-17T12:30:21.798332Z,ekoqaf,AWS,eu-west-1,AWS,sa-east-1,46530560,176.813,,t3.nano
2022-02-17T12:30:21.798332Z,ekoqaf,GCP,europe-west1,GCP,europe-west6,1197342720,13.960,e2-small,
2022-02-17T12:30:21.798332Z,ekoqaf,AWS,ap-southeast-2,GCP,us-central1,143130624,185.357,e2-small,t3.nano
2022-02-17T12:30:21.798332Z,ekoqaf,AWS,ap-southeast-2,GCP,asia-south1,178257920,151.810,e2-small,t3.nano
2022-02-17T12:30:21.798332Z,ekoqaf,AWS,ap-northeast-3,GCP,australia-southeast2,192020480,146.974,e2-small,t3.nano
2022-02-17T12:30:21.798332Z,ekoqaf,AWS,ca-central-1,GCP,europe-west1,346423296,83.654,e2-small,t3.nano
2022-02-17T12:30:21.798332Z,ekoqaf,GCP,australia-southeast1,GCP,northamerica-northeast1,136445952,197.399,e2-small,
2022-02-17T12:30:21.798332Z,ekoqaf,GCP,europe-west4,AWS,ca-central-1,96731136,88.273,e2-small,t3.nano
2022-02-17T12:30:21.798332Z,ekoqaf,GCP,australia-southeast2,GCP,asia-southeast1,357040128,87.979,e2-small,
2022-02-17T12:30:21.798332Z,ekoqaf,GCP,northamerica-northeast1,AWS,eu-central-1,100925440,90.209,e2-small,t3.nano
2022-02-17T12:30:21.798332Z,ekoqaf,GCP,asia-southeast1,AWS,eu-west-2,43253760,202.258,e2-small,t3.nano
2022-02-17T12:30:21.798332Z,ekoqaf,GCP,europe-west3,GCP,northamerica-northeast2,306708480,96.252,e2-small,
2022-02-17T12:30:21.798332Z,ekoqaf,GCP,australia-southeast2,AWS,ap-northeast-2,51380224,165.964,e2-small,t3.nano
2022-02-17T12:30:21.798332Z,ekoqaf,GCP,asia-southeast2,GCP,australia-southeast2,287047680,95.650,e2-small,
2022-02-17T12:30:21.798332Z,ekoqaf,AWS,ap-northeast-3,AWS,eu-north-1,32112640,239.933,,t3.nano
2022-02-17T12:30:21.798332Z,ekoqaf,GCP,europe-north1,GCP,northamerica-northeast2,237371392,122.735,e2-small,
2022-02-17T12:30:21.798332Z,ekoqaf,GCP,us-central1,AWS,ca-central-1,287965184,29.578,e2-small,t3.nano
2022-02-17T12:30:21.798332Z,ekoqaf,GCP,northamerica-northeast1,GCP,europe-west4,343277568,89.185,e2-small,
2022-02-17T12:30:21.798332Z,ekoqaf,GCP,australia-southeast1,AWS,eu-west-2,31195136,263.620,e2-small,t3.nano
2022-02-17T12:30:21.798332Z,ekoqaf,GCP,europe-west3,GCP,asia-southeast1,140378112,192.802,e2-small,
2022-02-17T12:30:21.798332Z,ekoqaf,GCP,australia-southeast1,GCP,asia-southeast2,273022976,108.666,e2-small,
2022-02-17T12:30:21.798332Z,ekoqaf,GCP,us-central1,AWS,eu-north-1,71696384,124.098,e2-small,t3.nano
2022-02-17T12:30:21.798332Z,ekoqaf,GCP,australia-southeast2,GCP,europe-west3,89260032,285.919,e2-small,
2022-02-17T12:30:21.798332Z,ekoqaf,GCP,asia-south2,AWS,eu-west-2,52428800,172.099,e2-small,t3.nano
2022-02-17T12:30:21.798332Z,ekoqaf,AWS,eu-north-1,GCP,asia-southeast1,112066560,223.282,e2-small,t3.nano
2022-02-17T12:30:21.798332Z,ekoqaf,AWS,eu-west-1,AWS,eu-north-1,211025920,42.942,,t3.nano
2022-02-17T12:30:21.798332Z,ekoqaf,GCP,europe-west6,GCP,southamerica-east1,134086656,205.154,e2-small,
2022-02-17T12:30:21.798332Z,ekoqaf,AWS,sa-east-1,AWS,ap-southeast-2,26214400,311.861,,t3.nano
2022-02-17T12:30:21.798332Z,ekoqaf,GCP,australia-southeast1,GCP,europe-north1,87687168,301.312,e2-small,
2022-02-17T12:30:21.798332Z,ekoqaf,GCP,southamerica-east1,GCP,asia-south2,72089600,342.331,e2-small,
2022-02-17T12:30:21.798332Z,ekoqaf,AWS,eu-central-1,GCP,europe-west3,4561174528,3.464,e2-small,t3.nano
2022-02-17T12:30:21.798332Z,ekoqaf,AWS,sa-east-1,GCP,europe-west6,127926272,205.078,e2-small,t3.nano
2022-02-17T12:30:21.798332Z,ekoqaf,GCP,northamerica-northeast1,AWS,eu-west-2,105775104,78.803,e2-small,t3.nano
2022-02-17T12:30:21.798332Z,ekoqaf,AWS,eu-west-1,GCP,northamerica-northeast1,330694656,88.027,e2-small,t3.nano
2022-02-17T12:30:21.798332Z,ekoqaf,AWS,ap-south-1,GCP,southamerica-east1,66846720,326.166,e2-small,t3.nano
2022-02-17T12:30:21.798332Z,ekoqaf,GCP,australia-southeast1,GCP,southamerica-east1,81395712,294.772,e2-small,
2022-02-17T12:30:21.798332Z,ekoqaf,GCP,asia-northeast3,AWS,eu-central-1,33685504,257.367,e2-small,t3.nano
2022-02-17T12:30:21.798332Z,ekoqaf,GCP,southamerica-east1,AWS,ap-southeast-1,26345472,319.685,e2-small,t3.nano
2022-02-17T12:30:21.798332Z,ekoqaf,AWS,ap-northeast-1,AWS,ap-southeast-2,81526784,101.828,,t3.nano
2022-02-17T12:30:21.798332Z,ekoqaf,GCP,us-central1,GCP,northamerica-northeast1,1048051712,29.729,e2-small,
2022-02-17T12:30:21.798332Z,ekoqaf,GCP,northamerica-northeast2,AWS,ca-central-1,1004535808,9.123,e2-small,t3.nano
2022-02-17T12:30:21.798332Z,ekoqaf,AWS,eu-west-2,AWS,ap-northeast-1,39190528,208.154,,t3.nano
2022-02-17T12:30:21.798332Z,ekoqaf,GCP,europe-west6,GCP,europe-west3,1191575552,8.525,e2-small,
2022-02-17T12:30:21.798332Z,ekoqaf,GCP,asia-northeast3,GCP,europe-west4,104333312,250.560,e2-small,
2022-02-17T12:30:21.798332Z,ekoqaf,GCP,asia-southeast1,GCP,northamerica-northeast2,131989504,206.694,e2-small,
2022-02-17T12:30:21.798332Z,ekoqaf,GCP,europe-west6,AWS,eu-north-1,296222720,29.918,e2-small,t3.nano
2022-02-17T12:30:21.798332Z,ekoqaf,GCP,asia-south1,AWS,ap-northeast-1,64749568,140.514,e2-small,t3.nano
2022-02-17T12:30:21.798332Z,ekoqaf,AWS,eu-west-3,AWS,eu-west-2,957612032,6.924,,t3.nano
2022-02-17T12:30:21.798332Z,ekoqaf,GCP,asia-northeast3,GCP,australia-southeast1,191102976,148.197,e2-small,
2022-02-17T12:30:21.798332Z,ekoqaf,AWS,ap-northeast-1,GCP,asia-south2,187826176,139.020,e2-small,t3.nano
2022-02-17T12:30:21.798332Z,ekoqaf,GCP,europe-west2,AWS,ap-southeast-2,30932992,274.429,e2-small,t3.nano
2022-02-17T12:30:21.798332Z,ekoqaf,AWS,ap-southeast-1,AWS,sa-east-1,24903680,321.682,,t3.nano
2022-02-17T12:30:21.798332Z,ekoqaf,GCP,asia-southeast1,GCP,southamerica-east1,79429632,322.113,e2-small,
2022-02-17T12:30:21.798332Z,ekoqaf,GCP,asia-southeast1,GCP,asia-southeast2,1206910976,16.322,e2-small,
2022-02-17T12:30:21.798332Z,ekoqaf,AWS,ap-southeast-2,GCP,europe-west2,91226112,274.686,e2-small,t3.nano
2022-02-17T12:30:21.798332Z,ekoqaf,GCP,southamerica-east1,AWS,ap-northeast-3,32374784,260.925,e2-small,t3.nano
2022-02-17T12:30:21.798332Z,ekoqaf,GCP,europe-west3,AWS,eu-central-1,1207042048,2.901,e2-small,t3.nano
2022-02-17T12:30:21.798332Z,ekoqaf,GCP,northamerica-northeast2,GCP,europe-west1,332398592,89.765,e2-small,
2022-02-17T12:30:21.798332Z,ekoqaf,GCP,europe-west6,GCP,asia-south2,187957248,152.474,e2-small,
2022-02-17T12:30:21.798332Z,ekoqaf,GCP,northamerica-northeast1,GCP,asia-northeast3,154009600,180.254,e2-small,
2022-02-17T12:30:21.798332Z,ekoqaf,AWS,sa-east-1,GCP,australia-southeast1,82051072,304.916,e2-small,t3.nano
2022-02-17T12:30:21.798332Z,ekoqaf,AWS,ap-south-1,AWS,ap-northeast-1,62914560,126.355,,t3.nano
2022-02-17T12:30:21.798332Z,ekoqaf,GCP,southamerica-east1,GCP,europe-west6,133038080,205.015,e2-small,
2022-02-17T12:30:21.798332Z,ekoqaf,GCP,us-central1,GCP,australia-southeast1,159907840,175.709,e2-small,
2022-02-17T12:30:21.798332Z,ekoqaf,GCP,europe-west2,GCP,europe-west3,1194459136,15.172,e2-small,
2022-02-17T12:30:21.798332Z,ekoqaf,GCP,southamerica-east1,AWS,sa-east-1,1214119936,3.188,e2-small,t3.nano
2022-02-17T12:30:21.798332Z,ekoqaf,GCP,asia-northeast3,AWS,eu-west-1,33816576,252.704,e2-small,t3.nano
2022-02-17T12:30:21.798332Z,ekoqaf,AWS,ap-south-1,GCP,northamerica-northeast1,116785152,218.226,e2-small,t3.nano
2022-02-17T12:30:21.798332Z,ekoqaf,GCP,asia-southeast2,GCP,asia-southeast1,1196294144,16.413,e2-small,
2022-02-17T12:30:21.798332Z,ekoqaf,AWS,ap-northeast-2,AWS,ap-south-1,59244544,135.586,,t3.nano
2022-02-17T12:30:21.798332Z,ekoqaf,GCP,us-central1,AWS,ap-southeast-2,46399488,185.495,e2-small,t3.nano
2022-02-17T12:30:21.798332Z,ekoqaf,GCP,europe-west3,GCP,europe-west4,1202192384,10.761,e2-small,
2022-02-17T12:30:21.798332Z,ekoqaf,GCP,europe-west2,AWS,eu-west-1,672137216,12.565,e2-small,t3.nano
2022-02-17T12:30:21.798332Z,ekoqaf,AWS,eu-west-3,GCP,europe-north1,798097408,37.428,e2-small,t3.nano
2022-02-17T12:30:21.798332Z,ekoqaf,AWS,ap-northeast-2,GCP,asia-southeast2,266469376,102.802,e2-small,t3.nano
2022-02-17T12:30:21.798332Z,ekoqaf,GCP,europe-west6,GCP,asia-southeast1,145096704,193.574,e2-small,
2022-02-17T12:30:21.798332Z,ekoqaf,AWS,ap-southeast-1,AWS,eu-west-3,50855936,164.975,,t3.nano
2022-02-17T12:30:21.798332Z,ekoqaf,GCP,asia-south2,GCP,europe-north1,148635648,192.336,e2-small,
2022-02-17T12:30:21.798332Z,ekoqaf,GCP,australia-southeast1,GCP,europe-west6,90963968,280.163,e2-small,
2022-02-17T12:30:21.798332Z,ekoqaf,AWS,ap-northeast-1,GCP,northamerica-northeast1,176029696,152.766,e2-small,t3.nano
2022-02-17T12:30:21.798332Z,ekoqaf,AWS,ap-northeast-1,GCP,asia-southeast1,385351680,73.061,e2-small,t3.nano
2022-02-17T12:30:21.798332Z,ekoqaf,GCP,southamerica-east1,AWS,eu-west-3,43122688,195.243,e2-small,t3.nano
2022-02-17T12:30:21.798332Z,ekoqaf,AWS,eu-west-1,GCP,australia-southeast1,92274688,272.242,e2-small,t3.nano
2022-02-17T12:30:21.798332Z,ekoqaf,AWS,ap-northeast-3,AWS,ap-northeast-2,305922048,29.041,,t3.nano
2022-02-17T12:30:21.798332Z,ekoqaf,GCP,asia-southeast2,AWS,ap-northeast-3,102629376,88.020,e2-small,t3.nano
2022-02-17T12:30:21.798332Z,ekoqaf,GCP,europe-north1,AWS,ap-southeast-1,41025536,221.730,e2-small,t3.nano
2022-02-17T12:30:21.798332Z,ekoqaf,GCP,australia-southeast2,AWS,eu-central-1,29622272,288.270,e2-small,t3.nano
2022-02-17T12:30:21.798332Z,ekoqaf,GCP,us-central1,AWS,ap-south-1,33554432,246.449,e2-small,t3.nano
2022-02-17T12:30:21.798332Z,ekoqaf,AWS,sa-east-1,GCP,europe-west1,139329536,194.166,e2-small,t3.nano
2022-02-17T12:30:21.798332Z,ekoqaf,AWS,eu-central-1,GCP,europe-west4,1567883264,11.434,e2-small,t3.nano
2022-02-17T12:30:21.798332Z,ekoqaf,GCP,asia-south2,GCP,southamerica-east1,72482816,342.405,e2-small,
2022-02-17T12:30:21.798332Z,ekoqaf,GCP,europe-west4,AWS,eu-west-1,406192128,20.974,e2-small,t3.nano
2022-02-17T12:30:21.798332Z,ekoqaf,GCP,australia-southeast1,AWS,ap-southeast-2,1199177728,3.164,e2-small,t3.nano
2022-02-17T12:30:21.798332Z,ekoqaf,AWS,eu-west-1,AWS,ap-south-1,58589184,146.975,,t3.nano
2022-02-17T12:30:21.798332Z,ekoqaf,GCP,southamerica-east1,GCP,asia-southeast1,79822848,320.547,e2-small,
2022-02-17T12:30:21.798332Z,ekoqaf,AWS,sa-east-1,AWS,eu-west-1,48365568,176.894,,t3.nano
2022-02-17T12:30:21.798332Z,ekoqaf,GCP,asia-south2,GCP,australia-southeast1,177209344,160.609,e2-small,
2022-02-17T12:30:21.798332Z,ekoqaf,GCP,northamerica-northeast1,AWS,ap-northeast-3,58195968,160.217,e2-small,t3.nano
2022-02-17T12:30:21.798332Z,ekoqaf,AWS,eu-central-1,AWS,ap-southeast-2,32768000,247.075,,t3.nano
2022-02-17T12:30:21.798332Z,ekoqaf,GCP,australia-southeast2,GCP,europe-west4,92012544,284.282,e2-small,
2022-02-17T12:30:21.798332Z,ekoqaf,AWS,ap-southeast-1,GCP,australia-southeast1,305266688,94.468,e2-small,t3.nano
2022-02-17T12:30:21.798332Z,ekoqaf,AWS,ap-southeast-2,AWS,ap-northeast-3,73924608,114.932,,t3.nano
2022-02-17T12:30:21.798332Z,ekoqaf,GCP,asia-northeast3,GCP,europe-north1,94240768,276.681,e2-small,
2022-02-17T12:30:21.798332Z,ekoqaf,AWS,eu-north-1,GCP,northamerica-northeast2,243531776,117.896,e2-small,t3.nano
2022-02-17T12:30:21.798332Z,ekoqaf,GCP,northamerica-northeast1,GCP,europe-west3,334233600,89.486,e2-small,
2022-02-17T12:30:21.798332Z,ekoqaf,GCP,europe-west2,GCP,australia-southeast2,94240768,274.703,e2-small,
2022-02-17T12:30:21.798332Z,ekoqaf,AWS,ap-northeast-3,AWS,ap-south-1,68550656,119.094,,t3.nano
2022-02-17T12:30:21.798332Z,ekoqaf,AWS,ca-central-1,AWS,ap-northeast-3,56885248,148.502,,t3.nano
2022-02-17T12:30:21.798332Z,ekoqaf,AWS,eu-north-1,AWS,ap-northeast-3,32636928,239.750,,t3.nano
2022-02-17T12:30:21.798332Z,ekoqaf,GCP,asia-south1,GCP,northamerica-northeast1,126877696,216.524,e2-small,
2022-02-17T12:30:21.798332Z,ekoqaf,AWS,ap-northeast-2,GCP,asia-south2,177209344,156.511,e2-small,t3.nano
2022-02-17T12:30:21.798332Z,ekoqaf,AWS,ca-central-1,GCP,europe-west6,306053120,94.113,e2-small,t3.nano
2022-02-17T12:30:21.798332Z,ekoqaf,GCP,asia-southeast2,AWS,ap-southeast-1,532938752,14.751,e2-small,t3.nano
2022-02-17T12:30:21.798332Z,ekoqaf,AWS,ap-northeast-3,AWS,eu-west-3,37879808,221.458,,t3.nano
2022-02-17T12:30:21.798332Z,ekoqaf,GCP,europe-west1,AWS,ap-south-1,60162048,139.383,e2-small,t3.nano
2022-02-17T12:30:21.798332Z,ekoqaf,GCP,europe-north1,AWS,ap-northeast-3,34340864,257.172,e2-small,t3.nano
2022-02-17T12:30:21.798332Z,ekoqaf,AWS,sa-east-1,AWS,ca-central-1,66584576,124.361,,t3.nano
2022-02-17T12:30:21.798332Z,ekoqaf,GCP,northamerica-northeast1,GCP,asia-southeast2,116260864,228.957,e2-small,
2022-02-17T12:30:21.798332Z,ekoqaf,GCP,europe-west1,AWS,eu-west-3,1215561728,6.338,e2-small,t3.nano
2022-02-17T12:30:21.798332Z,ekoqaf,GCP,asia-southeast1,GCP,asia-northeast3,408420352,71.085,e2-small,
2022-02-17T12:30:21.798332Z,ekoqaf,AWS,ap-northeast-2,GCP,europe-north1,85852160,279.279,e2-small,t3.nano
2022-02-17T12:30:21.798332Z,ekoqaf,GCP,northamerica-northeast1,AWS,ap-southeast-1,39321600,217.590,e2-small,t3.nano
2022-02-17T12:30:21.798332Z,ekoqaf,GCP,asia-southeast2,AWS,ap-south-1,115605504,70.608,e2-small,t3.nano
2022-02-17T12:30:21.798332Z,ekoqaf,AWS,ap-south-1,GCP,europe-west2,165019648,143.148,e2-small,t3.nano
2022-02-17T12:30:21.798332Z,ekoqaf,GCP,asia-northeast3,GCP,asia-southeast1,419037184,72.842,e2-small,
2022-02-17T12:30:21.798332Z,ekoqaf,GCP,southamerica-east1,GCP,australia-southeast2,82837504,308.005,e2-small,
2022-02-17T12:30:21.798332Z,ekoqaf,GCP,northamerica-northeast2,GCP,asia-southeast1,129892352,209.220,e2-small,
2022-02-17T12:30:21.798332Z,ekoqaf,GCP,australia-southeast1,AWS,eu-north-1,28180480,289.029,e2-small,t3.nano
2022-02-17T12:30:21.798332Z,ekoqaf,AWS,ca-central-1,AWS,ap-south-1,38404096,213.848,,t3.nano
2022-02-17T12:30:21.798332Z,ekoqaf,GCP,us-central1,GCP,europe-west6,257163264,113.098,e2-small,
2022-02-17T12:30:21.798332Z,ekoqaf,AWS,ap-northeast-2,GCP,europe-west2,98172928,251.045,e2-small,t3.nano
2022-02-17T12:30:21.798332Z,ekoqaf,GCP,europe-west1,AWS,sa-east-1,43646976,193.854,e2-small,t3.nano
2022-02-17T12:30:21.798332Z,ekoqaf,AWS,ap-southeast-2,AWS,ap-southeast-1,92930048,92.254,,t3.nano
2022-02-17T12:30:21.798332Z,ekoqaf,AWS,ap-northeast-2,GCP,asia-northeast3,4740218880,2.861,e2-small,t3.nano
2022-02-17T12:30:21.798332Z,ekoqaf,AWS,eu-central-1,AWS,eu-west-1,334364672,23.565,,t3.nano
2022-02-17T12:30:21.798332Z,ekoqaf,AWS,ap-northeast-3,AWS,sa-east-1,31457280,260.970,,t3.nano
2022-02-17T12:30:21.798332Z,ekoqaf,AWS,eu-north-1,AWS,ap-southeast-1,48496640,176.671,,t3.nano
2022-02-17T12:30:21.798332Z,ekoqaf,AWS,ca-central-1,AWS,ap-southeast-1,41287680,209.416,,t3.nano
2022-02-17T12:30:21.798332Z,ekoqaf,AWS,ap-northeast-1,GCP,southamerica-east1,88735744,260.880,e2-small,t3.nano
2022-02-17T12:30:21.798332Z,ekoqaf,GCP,europe-west1,AWS,ca-central-1,113901568,83.709,e2-small,t3.nano
2022-02-17T12:30:21.798332Z,ekoqaf,AWS,ap-southeast-2,AWS,eu-west-1,30670848,256.542,,t3.nano
2022-02-17T12:30:21.798332Z,ekoqaf,GCP,asia-northeast3,AWS,ap-northeast-1,251133952,33.604,e2-small,t3.nano
2022-02-17T12:30:21.798332Z,ekoqaf,AWS,ap-south-1,GCP,australia-southeast1,190054400,151.305,e2-small,t3.nano
2022-02-17T12:30:21.798332Z,ekoqaf,GCP,europe-west6,GCP,northamerica-northeast2,293339136,101.656,e2-small,
2022-02-17T12:30:21.798332Z,ekoqaf,GCP,asia-southeast1,GCP,australia-southeast2,344588288,86.012,e2-small,
2022-02-17T12:30:21.798332Z,ekoqaf,GCP,europe-west4,GCP,europe-west6,1205075968,15.631,e2-small,
2022-02-17T12:30:21.798332Z,ekoqaf,AWS,eu-central-1,GCP,australia-southeast1,92274688,275.654,e2-small,t3.nano
2022-02-17T12:30:21.798332Z,ekoqaf,AWS,eu-west-2,AWS,eu-west-1,817364992,12.555,,t3.nano
2022-02-17T12:30:21.798332Z,ekoqaf,AWS,eu-west-2,GCP,asia-southeast1,120979456,202.803,e2-small,t3.nano
2022-02-17T12:30:21.798332Z,ekoqaf,AWS,ca-central-1,GCP,australia-southeast1,128188416,206.997,e2-small,t3.nano
2022-02-17T12:30:21.798332Z,ekoqaf,AWS,eu-west-1,GCP,europe-west2,928907264,13.170,e2-small,t3.nano
2022-02-17T12:30:21.798332Z,ekoqaf,GCP,australia-southeast1,GCP,europe-west1,88342528,275.911,e2-small,
2022-02-17T12:30:21.798332Z,ekoqaf,AWS,eu-west-1,GCP,asia-southeast2,122159104,225.738,e2-small,t3.nano
2022-02-17T12:30:21.798332Z,ekoqaf,AWS,eu-west-1,AWS,ap-northeast-3,40370176,206.182,,t3.nano
2022-02-17T12:30:21.798332Z,ekoqaf,GCP,europe-west3,AWS,ap-southeast-2,28966912,285.170,e2-small,t3.nano
2022-02-17T12:30:21.798332Z,ekoqaf,AWS,sa-east-1,GCP,asia-southeast2,69861376,343.201,e2-small,t3.nano
2022-02-17T12:30:21.798332Z,ekoqaf,AWS,sa-east-1,GCP,asia-south1,73662464,320.437,e2-small,t3.nano
2022-02-17T12:30:21.798332Z,ekoqaf,AWS,sa-east-1,GCP,us-central1,200146944,145.703,e2-small,t3.nano
2022-02-17T12:30:21.798332Z,ekoqaf,GCP,southamerica-east1,GCP,europe-west1,141033472,196.068,e2-small,
2022-02-17T12:30:21.798332Z,ekoqaf,AWS,eu-west-3,AWS,ap-northeast-1,38010880,214.629,,t3.nano
2022-02-17T12:30:21.798332Z,ekoqaf,AWS,ap-southeast-1,GCP,europe-north1,111542272,227.909,e2-small,t3.nano
2022-02-17T12:30:21.798332Z,ekoqaf,AWS,eu-west-1,GCP,asia-south2,155975680,173.588,e2-small,t3.nano
2022-02-17T12:30:21.798332Z,ekoqaf,GCP,europe-west2,GCP,europe-west4,1199308800,13.794,e2-small,
2022-02-17T12:30:21.798332Z,ekoqaf,GCP,europe-west2,AWS,eu-central-1,542507008,16.033,e2-small,t3.nano
2022-02-17T12:30:21.798332Z,ekoqaf,GCP,europe-west6,AWS,ap-southeast-1,45088768,193.520,e2-small,t3.nano
2022-02-17T12:30:21.798332Z,ekoqaf,AWS,ap-northeast-2,AWS,eu-north-1,31850496,254.904,,t3.nano
2022-02-17T12:30:21.798332Z,ekoqaf,AWS,eu-central-1,GCP,northamerica-northeast2,292814848,96.834,e2-small,t3.nano
2022-02-17T12:30:21.798332Z,ekoqaf,GCP,northamerica-northeast2,GCP,europe-west6,287309824,101.892,e2-small,
2022-02-17T12:30:21.798332Z,ekoqaf,AWS,ca-central-1,GCP,southamerica-east1,217710592,128.031,e2-small,t3.nano
2022-02-17T12:30:21.798332Z,ekoqaf,GCP,europe-west2,GCP,northamerica-northeast1,371851264,79.189,e2-small,
2022-02-17T12:30:21.798332Z,ekoqaf,GCP,asia-south2,AWS,ap-northeast-3,63569920,141.653,e2-small,t3.nano
2022-02-17T12:30:21.798332Z,ekoqaf,GCP,europe-west6,AWS,ap-south-1,30408704,130.475,e2-small,t3.nano
2022-02-17T12:30:21.798332Z,ekoqaf,GCP,europe-west6,GCP,australia-southeast2,88211456,292.356,e2-small,
2022-02-17T12:30:21.798332Z,ekoqaf,GCP,australia-southeast1,AWS,ca-central-1,42729472,206.953,e2-small,t3.nano
2022-02-17T12:30:21.798332Z,ekoqaf,GCP,europe-west4,AWS,ap-northeast-1,38141952,230.512,e2-small,t3.nano
2022-02-17T12:30:21.798332Z,ekoqaf,GCP,australia-southeast1,GCP,asia-northeast3,190447616,148.202,e2-small,
2022-02-17T12:30:21.798332Z,ekoqaf,GCP,europe-north1,AWS,sa-east-1,42467328,216.578,e2-small,t3.nano
2022-02-17T12:30:21.798332Z,ekoqaf,AWS,eu-north-1,GCP,southamerica-east1,119406592,216.704,e2-small,t3.nano
2022-02-17T12:30:21.798332Z,ekoqaf,AWS,eu-west-1,AWS,ap-southeast-1,46006272,179.836,,t3.nano
2022-02-17T12:30:21.798332Z,ekoqaf,AWS,eu-west-2,GCP,australia-southeast1,93847552,262.829,e2-small,t3.nano
2022-02-17T12:30:21.798332Z,ekoqaf,AWS,ap-southeast-1,GCP,us-central1,132120576,191.106,e2-small,t3.nano
2022-02-17T12:30:21.798332Z,ekoqaf,AWS,ap-southeast-1,GCP,asia-south1,479068160,61.629,e2-small,t3.nano
2022-02-17T12:30:21.798332Z,ekoqaf,GCP,europe-west6,GCP,europe-west4,1199570944,15.726,e2-small,
2022-02-17T12:30:21.798332Z,ekoqaf,AWS,ap-southeast-1,GCP,northamerica-northeast1,116129792,218.315,e2-small,t3.nano
2022-02-17T12:30:21.798332Z,ekoqaf,GCP,europe-west1,AWS,ap-northeast-2,32768000,249.411,e2-small,t3.nano
2022-02-17T12:30:21.798332Z,ekoqaf,GCP,asia-northeast3,GCP,europe-west3,100532224,252.328,e2-small,
2022-02-17T12:30:21.798332Z,ekoqaf,GCP,southamerica-east1,AWS,ca-central-1,68812800,129.878,e2-small,t3.nano
2022-02-17T12:30:21.798332Z,ekoqaf,AWS,ap-south-1,AWS,eu-north-1,55050240,157.840,,t3.nano
2022-02-17T12:30:21.798332Z,ekoqaf,GCP,europe-west3,GCP,us-central1,277479424,106.347,e2-small,
2022-02-17T12:30:21.798332Z,ekoqaf,GCP,europe-west3,GCP,asia-south1,219283456,133.509,e2-small,
2022-02-17T12:30:21.798332Z,ekoqaf,GCP,northamerica-northeast2,GCP,northamerica-northeast1,1199702016,8.736,e2-small,
2022-02-17T12:30:21.798332Z,ekoqaf,AWS,ap-northeast-1,AWS,eu-west-2,38535168,208.194,,t3.nano
2022-02-17T12:30:21.798332Z,ekoqaf,GCP,europe-west6,AWS,ap-northeast-3,34471936,239.685,e2-small,t3.nano
2022-02-17T12:30:21.798332Z,ekoqaf,GCP,asia-south2,GCP,europe-west2,171048960,165.365,e2-small,
2022-02-17T12:30:21.798332Z,ekoqaf,GCP,europe-north1,AWS,eu-west-3,231866368,37.082,e2-small,t3.nano
2022-02-17T12:30:21.798332Z,ekoqaf,GCP,europe-west6,AWS,eu-central-1,1213857792,7.090,e2-small,t3.nano
2022-02-17T12:30:21.798332Z,ekoqaf,GCP,asia-south2,AWS,ap-southeast-1,124649472,69.931,e2-small,t3.nano
2022-02-17T12:30:21.798332Z,ekoqaf,GCP,europe-west3,AWS,eu-west-2,558366720,16.323,e2-small,t3.nano
2022-02-17T12:30:21.798332Z,ekoqaf,GCP,asia-south2,GCP,europe-west3,177209344,157.699,e2-small,
2022-02-17T12:30:21.798332Z,ekoqaf,GCP,northamerica-northeast2,GCP,australia-southeast1,144834560,191.486,e2-small,
2022-02-17T12:30:21.798332Z,ekoqaf,GCP,europe-north1,AWS,eu-west-2,209715200,40.724,e2-small,t3.nano
2022-02-17T12:30:21.798332Z,ekoqaf,GCP,asia-south1,AWS,eu-west-1,54788096,151.646,e2-small,t3.nano
2022-02-17T12:30:21.798332Z,ekoqaf,GCP,europe-west3,AWS,eu-west-3,794296320,11.463,e2-small,t3.nano
2022-02-17T12:30:21.798332Z,ekoqaf,GCP,europe-west1,GCP,asia-south2,179306496,158.408,e2-small,
2022-02-17T12:30:21.798332Z,ekoqaf,AWS,ap-northeast-1,GCP,europe-west6,102760448,233.278,e2-small,t3.nano
2022-02-17T12:30:21.798332Z,ekoqaf,GCP,australia-southeast2,GCP,asia-south1,193462272,146.994,e2-small,
2022-02-17T12:30:21.798332Z,ekoqaf,GCP,australia-southeast2,GCP,us-central1,144965632,187.290,e2-small,
2022-02-17T12:30:21.798332Z,ekoqaf,AWS,ap-northeast-1,AWS,eu-north-1,32636928,242.581,,t3.nano
2022-02-17T12:30:21.798332Z,ekoqaf,AWS,ap-northeast-1,AWS,eu-west-3,38666240,214.857,,t3.nano
2022-02-17T12:30:21.798332Z,ekoqaf,AWS,sa-east-1,GCP,northamerica-northeast2,213516288,133.719,e2-small,t3.nano
2022-02-17T12:30:21.798332Z,ekoqaf,GCP,europe-west6,AWS,ap-northeast-2,31981568,260.392,e2-small,t3.nano
2022-02-17T12:30:21.798332Z,ekoqaf,AWS,ap-northeast-3,GCP,northamerica-northeast2,181927936,153.462,e2-small,t3.nano
2022-02-17T12:30:21.798332Z,ekoqaf,GCP,northamerica-northeast2,AWS,eu-west-1,90308608,94.194,e2-small,t3.nano
2022-02-17T12:30:21.798332Z,ekoqaf,GCP,europe-north1,GCP,asia-south2,146931712,192.019,e2-small,
2022-02-17T12:30:21.798332Z,ekoqaf,AWS,eu-west-3,AWS,ap-southeast-2,29753344,278.125,,t3.nano
2022-02-17T12:30:21.798332Z,ekoqaf,GCP,asia-southeast2,GCP,europe-west1,132251648,213.565,e2-small,
2022-02-17T12:30:21.798332Z,ekoqaf,GCP,europe-west1,AWS,ap-northeast-3,36044800,227.744,e2-small,t3.nano
2022-02-17T12:30:21.798332Z,ekoqaf,GCP,asia-northeast3,GCP,europe-west2,110886912,242.012,e2-small,
2022-02-17T12:30:21.798332Z,ekoqaf,AWS,ap-northeast-1,AWS,sa-east-1,32243712,255.323,,t3.nano
2022-02-17T12:30:21.798332Z,ekoqaf,GCP,asia-southeast2,AWS,eu-west-1,38404096,225.599,e2-small,t3.nano
2022-02-17T12:30:21.798332Z,ekoqaf,GCP,europe-west3,AWS,ap-northeast-1,35913728,227.718,e2-small,t3.nano
2022-02-17T12:30:21.798332Z,ekoqaf,AWS,ap-northeast-2,AWS,ap-northeast-3,295043072,29.386,,t3.nano
2022-02-17T12:30:21.798332Z,ekoqaf,GCP,asia-south2,GCP,northamerica-northeast1,114032640,236.344,e2-small,
2022-02-17T12:30:21.798332Z,ekoqaf,GCP,europe-west3,AWS,sa-east-1,45613056,199.348,e2-small,t3.nano
2022-02-17T12:30:21.798332Z,ekoqaf,AWS,eu-west-3,AWS,eu-north-1,297533440,28.173,,t3.nano
2022-02-17T12:30:21.798332Z,ekoqaf,GCP,australia-southeast2,AWS,eu-west-1,32243712,283.556,e2-small,t3.nano
2022-02-17T12:30:21.798332Z,ekoqaf,GCP,europe-north1,AWS,eu-north-1,697171968,12.193,e2-small,t3.nano
2022-02-17T12:30:21.798332Z,ekoqaf,AWS,ap-southeast-2,GCP,europe-west4,86245376,281.252,e2-small,t3.nano
2022-02-17T12:30:21.798332Z,ekoqaf,AWS,eu-west-3,GCP,us-central1,286130176,102.182,e2-small,t3.nano
2022-02-17T12:30:21.798332Z,ekoqaf,AWS,eu-west-3,GCP,asia-south1,205520896,136.324,e2-small,t3.nano
2022-02-17T12:30:21.798332Z,ekoqaf,GCP,europe-west6,AWS,eu-west-1,301727744,26.545,e2-small,t3.nano
2022-02-17T12:30:21.798332Z,ekoqaf,GCP,asia-south2,AWS,ap-northeast-2,56098816,157.058,e2-small,t3.nano
2022-02-17T12:30:21.798332Z,ekoqaf,GCP,asia-southeast2,AWS,ca-central-1,35520512,237.721,e2-small,t3.nano
2022-02-17T12:30:21.798332Z,ekoqaf,GCP,asia-northeast3,AWS,ap-south-1,71172096,121.888,e2-small,t3.nano
2022-02-17T12:30:21.798332Z,ekoqaf,GCP,europe-west1,AWS,ap-southeast-1,44433408,194.635,e2-small,t3.nano
2022-02-17T12:30:21.798332Z,ekoqaf,GCP,europe-west3,GCP,europe-west2,1201143808,15.136,e2-small,
2022-02-17T12:30:21.798332Z,ekoqaf,AWS,ap-southeast-2,AWS,eu-central-1,32636928,247.011,,t3.nano
2022-02-17T12:30:21.798332Z,ekoqaf,AWS,ap-northeast-2,GCP,australia-southeast1,167772160,164.614,e2-small,t3.nano
2022-02-17T12:30:21.798332Z,ekoqaf,GCP,asia-northeast3,GCP,northamerica-northeast2,158334976,173.878,e2-small,
2022-02-17T12:30:21.798332Z,ekoqaf,AWS,ap-northeast-2,AWS,ap-southeast-1,103809024,81.013,,t3.nano
2022-02-17T12:30:21.798332Z,ekoqaf,GCP,northamerica-northeast1,GCP,europe-north1,250609664,116.477,e2-small,
2022-02-17T12:30:21.798332Z,ekoqaf,AWS,ap-northeast-3,GCP,asia-southeast2,310640640,88.681,e2-small,t3.nano
2022-02-17T12:30:21.798332Z,ekoqaf,AWS,eu-west-1,AWS,ap-northeast-2,35913728,228.380,,t3.nano
2022-02-17T12:30:21.798332Z,ekoqaf,GCP,europe-west2,GCP,europe-north1,749731840,41.637,e2-small,
2022-02-17T12:30:21.798332Z,ekoqaf,GCP,europe-west1,GCP,southamerica-east1,140640256,195.001,e2-small,
2022-02-17T12:30:21.798332Z,ekoqaf,GCP,europe-west4,GCP,asia-southeast2,123207680,217.240,e2-small,
2022-02-17T12:30:21.798332Z,ekoqaf,AWS,eu-west-1,GCP,europe-west3,1255800832,22.764,e2-small,t3.nano
2022-02-17T12:30:21.798332Z,ekoqaf,GCP,europe-north1,GCP,europe-west6,838205440,37.040,e2-small,
2022-02-17T12:30:21.798332Z,ekoqaf,GCP,europe-west4,AWS,ap-southeast-2,29622272,282.577,e2-small,t3.nano
2022-02-17T12:30:21.798332Z,ekoqaf,GCP,europe-west3,AWS,eu-north-1,313393152,28.152,e2-small,t3.nano
2022-02-17T12:30:21.798332Z,ekoqaf,GCP,us-central1,AWS,eu-west-1,86900736,103.435,e2-small,t3.nano
2022-02-17T12:30:21.798332Z,ekoqaf,AWS,ap-northeast-3,AWS,eu-central-1,37093376,226.684,,t3.nano
2022-02-17T12:30:21.798332Z,ekoqaf,GCP,us-central1,GCP,asia-northeast3,176553984,153.679,e2-small,
2022-02-17T12:30:21.798332Z,ekoqaf,GCP,asia-southeast1,GCP,europe-west4,137101312,200.230,e2-small,
2022-02-17T12:30:21.798332Z,ekoqaf,GCP,asia-southeast1,AWS,eu-central-1,32112640,209.582,e2-small,t3.nano
2022-02-17T12:30:21.798332Z,ekoqaf,GCP,asia-south1,GCP,europe-west6,217055232,129.375,e2-small,
2022-02-17T12:30:21.798332Z,ekoqaf,AWS,ap-northeast-3,GCP,europe-west4,108527616,231.942,e2-small,t3.nano
2022-02-17T12:30:21.798332Z,ekoqaf,AWS,ap-southeast-1,GCP,asia-northeast3,355205120,82.031,e2-small,t3.nano
2022-02-17T12:30:21.798332Z,ekoqaf,AWS,eu-west-1,GCP,southamerica-east1,127008768,201.481,e2-small,t3.nano
2022-02-17T12:30:21.798332Z,ekoqaf,GCP,asia-southeast1,GCP,europe-north1,119668736,222.260,e2-small,
2022-02-17T12:30:21.798332Z,ekoqaf,AWS,ap-southeast-1,AWS,ca-central-1,39452672,209.421,,t3.nano
2022-02-17T12:30:21.798332Z,ekoqaf,AWS,ap-northeast-2,GCP,europe-west3,95551488,260.957,e2-small,t3.nano
2022-02-17T12:30:21.798332Z,ekoqaf,AWS,eu-west-3,GCP,northamerica-northeast2,305922048,92.819,e2-small,t3.nano
2022-02-17T12:30:21.798332Z,ekoqaf,AWS,eu-west-3,AWS,ca-central-1,99745792,82.995,,t3.nano
2022-02-17T12:30:21.798332Z,ekoqaf,AWS,eu-central-1,AWS,ap-northeast-1,37224448,223.400,,t3.nano
2022-02-17T12:30:21.798332Z,ekoqaf,GCP,europe-west1,GCP,northamerica-northeast1,353894400,83.042,e2-small,
2022-02-17T12:30:21.798332Z,ekoqaf,AWS,ap-south-1,GCP,europe-west3,205651968,135.850,e2-small,t3.nano
2022-02-17T12:30:21.798332Z,ekoqaf,GCP,australia-southeast1,AWS,ap-northeast-1,49676288,144.842,e2-small,t3.nano
2022-02-17T12:30:21.798332Z,ekoqaf,GCP,europe-west1,AWS,eu-west-2,823918592,11.043,e2-small,t3.nano
2022-02-17T12:30:21.798332Z,ekoqaf,GCP,asia-southeast1,GCP,asia-south2,424804352,73.037,e2-small,
2022-02-17T12:30:21.798332Z,ekoqaf,AWS,eu-west-2,AWS,ap-south-1,60424192,143.730,,t3.nano
2022-02-17T12:30:21.798332Z,ekoqaf,AWS,ap-northeast-3,AWS,eu-west-2,37879808,214.571,,t3.nano
2022-02-17T12:30:21.798332Z,ekoqaf,GCP,europe-north1,AWS,ap-northeast-2,29491200,279.333,e2-small,t3.nano
2022-02-17T12:30:21.798332Z,ekoqaf,AWS,eu-north-1,AWS,eu-west-1,209453056,42.562,,t3.nano
2022-02-17T12:30:21.798332Z,ekoqaf,GCP,asia-northeast3,AWS,ap-southeast-2,58458112,148.687,e2-small,t3.nano
2022-02-17T12:30:21.798332Z,ekoqaf,GCP,northamerica-northeast1,GCP,asia-south1,125829120,216.470,e2-small,
2022-02-17T12:30:21.798332Z,ekoqaf,GCP,northamerica-northeast1,GCP,us-central1,1048051712,29.873,e2-small,
2022-02-17T12:30:21.798332Z,ekoqaf,AWS,eu-central-1,GCP,europe-north1,973209600,31.111,e2-small,t3.nano
2022-02-17T12:30:21.798332Z,ekoqaf,GCP,europe-west1,GCP,asia-southeast2,128712704,213.401,e2-small,
2022-02-17T12:30:21.798332Z,ekoqaf,AWS,ca-central-1,AWS,ap-northeast-2,49414144,172.266,,t3.nano
2022-02-17T12:30:21.798332Z,ekoqaf,AWS,eu-north-1,AWS,ap-northeast-2,32636928,254.546,,t3.nano
2022-02-17T12:30:21.798332Z,ekoqaf,AWS,eu-north-1,GCP,europe-west6,1022754816,29.786,e2-small,t3.nano
2022-02-17T12:30:21.798332Z,ekoqaf,GCP,europe-west2,GCP,asia-southeast1,138543104,203.964,e2-small,
2022-02-17T12:30:21.798332Z,ekoqaf,AWS,ap-southeast-1,GCP,europe-west1,130940928,194.514,e2-small,t3.nano
2022-02-17T12:30:21.798332Z,ekoqaf,GCP,australia-southeast2,AWS,eu-north-1,27656192,298.958,e2-small,t3.nano
2022-02-17T12:30:21.798332Z,ekoqaf,GCP,northamerica-northeast1,GCP,europe-west2,376700928,79.117,e2-small,
2022-02-17T12:30:21.798332Z,ekoqaf,AWS,ap-southeast-2,AWS,ap-northeast-2,59506688,140.138,,t3.nano
2022-02-17T12:30:21.798332Z,ekoqaf,GCP,asia-southeast1,AWS,ap-south-1,115998720,55.654,e2-small,t3.nano
2022-02-17T12:30:21.798332Z,ekoqaf,AWS,eu-west-2,GCP,europe-west6,1334968320,18.921,e2-small,t3.nano
2022-02-17T12:30:21.798332Z,ekoqaf,AWS,ap-south-1,AWS,eu-west-1,58064896,145.169,,t3.nano
2022-02-17T12:30:21.798332Z,ekoqaf,GCP,asia-south1,GCP,asia-northeast3,239599616,124.354,e2-small,
2022-02-17T12:30:21.798332Z,ekoqaf,AWS,ca-central-1,GCP,asia-southeast2,106692608,238.225,e2-small,t3.nano
2022-02-17T12:30:21.798332Z,ekoqaf,AWS,eu-west-3,GCP,europe-west1,2997878784,6.425,e2-small,t3.nano
2022-02-17T12:30:21.798332Z,ekoqaf,GCP,northamerica-northeast1,AWS,ap-northeast-2,47448064,186.672,e2-small,t3.nano
2022-02-17T12:30:21.798332Z,ekoqaf,GCP,northamerica-northeast2,GCP,southamerica-east1,210370560,134.727,e2-small,
2022-02-17T12:30:21.798332Z,ekoqaf,AWS,ap-southeast-2,GCP,northamerica-northeast1,124256256,208.655,e2-small,t3.nano
2022-02-17T12:30:21.798332Z,ekoqaf,GCP,europe-west4,GCP,australia-southeast1,92405760,273.314,e2-small,
2022-02-17T12:30:21.798332Z,ekoqaf,AWS,eu-west-1,GCP,europe-north1,607387648,48.517,e2-small,t3.nano
2022-02-17T12:30:21.798332Z,ekoqaf,GCP,europe-west2,AWS,ap-south-1,58064896,144.128,e2-small,t3.nano
2022-02-17T12:30:21.798332Z,ekoqaf,GCP,asia-southeast2,AWS,ap-northeast-2,84279296,103.044,e2-small,t3.nano
2022-02-17T12:30:21.798332Z,ekoqaf,GCP,europe-west4,AWS,eu-north-1,330825728,26.731,e2-small,t3.nano
2022-02-17T12:30:21.798332Z,ekoqaf,GCP,us-central1,AWS,eu-central-1,85983232,108.319,e2-small,t3.nano
2022-02-17T12:30:21.798332Z,ekoqaf,AWS,eu-west-3,GCP,asia-northeast3,99221504,248.632,e2-small,t3.nano
2022-02-17T12:30:21.798332Z,ekoqaf,AWS,ap-southeast-2,GCP,asia-northeast3,200933376,148.626,e2-small,t3.nano
2022-02-17T12:30:21.798332Z,ekoqaf,AWS,ap-southeast-2,AWS,eu-west-3,28573696,278.143,,t3.nano
2022-02-17T12:30:21.798332Z,ekoqaf,GCP,asia-northeast3,AWS,ap-northeast-3,329383936,27.985,e2-small,t3.nano
2022-02-17T12:30:21.798332Z,ekoqaf,GCP,us-central1,AWS,eu-west-2,89784320,96.706,e2-small,t3.nano
2022-02-17T12:30:21.798332Z,ekoqaf,AWS,eu-central-1,AWS,eu-west-3,934412288,9.390,,t3.nano
2022-02-17T12:30:21.798332Z,ekoqaf,AWS,eu-west-3,GCP,northamerica-northeast1,333053952,87.188,e2-small,t3.nano
2022-02-17T12:30:21.798332Z,ekoqaf,GCP,europe-west4,AWS,eu-central-1,850001920,11.900,e2-small,t3.nano
2022-02-17T12:30:21.798332Z,ekoqaf,GCP,northamerica-northeast1,AWS,ca-central-1,1209139200,2.042,e2-small,t3.nano
2022-02-17T12:30:21.798332Z,ekoqaf,GCP,us-central1,GCP,europe-west4,281935872,105.924,e2-small,
2022-02-17T12:30:21.798332Z,ekoqaf,AWS,eu-central-1,AWS,ap-northeast-2,34996224,236.032,,t3.nano
2022-02-17T12:30:21.798332Z,ekoqaf,AWS,ap-southeast-2,AWS,sa-east-1,26083328,311.888,,t3.nano
2022-02-17T12:30:21.798332Z,ekoqaf,GCP,europe-west1,GCP,northamerica-northeast2,330170368,89.770,e2-small,
2022-02-17T12:30:21.798332Z,ekoqaf,GCP,australia-southeast1,AWS,ap-northeast-2,50593792,165.160,e2-small,t3.nano
2022-02-17T12:30:21.798332Z,ekoqaf,GCP,europe-west1,AWS,eu-west-1,434503680,18.927,e2-small,t3.nano
2022-02-17T12:30:21.798332Z,ekoqaf,GCP,asia-southeast1,GCP,asia-south1,493092864,61.447,e2-small,
2022-02-17T12:30:21.798332Z,ekoqaf,GCP,asia-southeast1,GCP,us-central1,141426688,191.196,e2-small,
2022-02-17T12:30:21.798332Z,ekoqaf,GCP,asia-south1,GCP,europe-north1,167903232,165.354,e2-small,
2022-02-17T12:30:21.798332Z,ekoqaf,AWS,eu-central-1,AWS,sa-east-1,40501248,204.291,,t3.nano
2022-02-17T12:30:21.798332Z,ekoqaf,AWS,eu-north-1,AWS,eu-west-2,265420800,31.561,,t3.nano
2022-02-17T12:30:21.798332Z,ekoqaf,GCP,europe-north1,AWS,ap-northeast-1,34603008,250.730,e2-small,t3.nano
2022-02-17T12:30:21.798332Z,ekoqaf,AWS,ap-northeast-3,AWS,eu-west-1,39714816,206.194,,t3.nano
2022-02-17T12:30:21.798332Z,ekoqaf,GCP,europe-west1,GCP,asia-southeast1,140902400,198.554,e2-small,
2022-02-17T12:30:21.798332Z,ekoqaf,AWS,ca-central-1,GCP,europe-west4,328728576,88.249,e2-small,t3.nano
2022-02-17T12:30:21.798332Z,ekoqaf,GCP,northamerica-northeast1,GCP,asia-south2,108003328,236.677,e2-small,
2022-02-17T12:30:21.798332Z,ekoqaf,GCP,europe-west1,GCP,europe-west3,1212809216,9.308,e2-small,
2022-02-17T12:30:21.798332Z,ekoqaf,GCP,asia-northeast3,AWS,ap-southeast-1,106430464,82.032,e2-small,t3.nano
2022-02-17T12:30:21.798332Z,ekoqaf,AWS,eu-north-1,AWS,ap-northeast-1,33947648,242.629,,t3.nano
2022-02-17T12:30:21.798332Z,ekoqaf,AWS,ca-central-1,AWS,ap-northeast-1,57409536,142.549,,t3.nano
2022-02-17T12:30:21.798332Z,ekoqaf,AWS,ap-southeast-1,GCP,europe-west2,24117248,203.672,e2-small,t3.nano
2022-02-17T12:30:21.798332Z,ekoqaf,GCP,northamerica-northeast1,GCP,europe-west1,360054784,82.482,e2-small,
2022-02-17T12:30:21.798332Z,ekoqaf,GCP,europe-west2,GCP,asia-southeast2,125566976,213.998,e2-small,
2022-02-17T12:30:21.798332Z,ekoqaf,AWS,ap-southeast-2,AWS,ap-northeast-1,84279296,101.757,,t3.nano
2022-02-17T12:30:21.798332Z,ekoqaf,GCP,europe-west4,AWS,sa-east-1,43122688,198.667,e2-small,t3.nano
2022-02-17T12:30:21.798332Z,ekoqaf,AWS,ca-central-1,AWS,eu-central-1,91750400,89.303,,t3.nano
2022-02-17T12:30:21.798332Z,ekoqaf,GCP,australia-southeast2,GCP,europe-west6,85065728,292.026,e2-small,
2022-02-17T12:30:21.798332Z,ekoqaf,GCP,northamerica-northeast1,GCP,northamerica-northeast2,1210449920,8.891,e2-small,
2022-02-17T12:30:21.798332Z,ekoqaf,AWS,eu-west-3,GCP,europe-west2,1737359360,10.376,e2-small,t3.nano
2022-02-17T12:30:21.798332Z,ekoqaf,GCP,northamerica-northeast1,AWS,ap-northeast-1,55443456,150.465,e2-small,t3.nano
2022-02-17T12:30:21.798332Z,ekoqaf,AWS,ca-central-1,GCP,asia-southeast1,115212288,225.020,e2-small,t3.nano
2022-02-17T12:30:21.798332Z,ekoqaf,AWS,sa-east-1,AWS,eu-west-3,47448064,195.408,,t3.nano
2022-02-17T12:30:21.798332Z,ekoqaf,AWS,ap-south-1,AWS,eu-west-2,59637760,142.421,,t3.nano
2022-02-17T12:30:21.798332Z,ekoqaf,GCP,europe-west4,GCP,australia-southeast2,89784320,285.565,e2-small,
2022-02-17T12:30:21.798332Z,ekoqaf,GCP,europe-west4,AWS,eu-west-3,551550976,18.040,e2-small,t3.nano
2022-02-17T12:30:21.798332Z,ekoqaf,AWS,sa-east-1,GCP,europe-north1,118226944,216.357,e2-small,t3.nano
2022-02-17T12:30:21.798332Z,ekoqaf,AWS,ap-southeast-2,GCP,northamerica-northeast2,129892352,202.251,e2-small,t3.nano
2022-02-17T12:30:21.798332Z,ekoqaf,AWS,eu-central-1,GCP,europe-west6,1885339648,8.008,e2-small,t3.nano
2022-02-17T12:30:21.798332Z,ekoqaf,AWS,sa-east-1,GCP,europe-west3,131072000,199.126,e2-small,t3.nano
2022-02-17T12:30:21.798332Z,ekoqaf,GCP,asia-south2,GCP,asia-northeast3,192282624,153.148,e2-small,
2022-02-17T12:30:21.798332Z,ekoqaf,GCP,asia-southeast2,AWS,ap-northeast-1,101842944,88.054,e2-small,t3.nano
2022-02-17T12:30:21.798332Z,ekoqaf,GCP,europe-west1,GCP,us-central1,292945920,100.348,e2-small,
2022-02-17T12:30:21.798332Z,ekoqaf,GCP,europe-west1,GCP,asia-south1,210763776,139.279,e2-small,
2022-02-17T12:30:21.798332Z,ekoqaf,GCP,europe-north1,AWS,eu-west-1,183238656,48.249,e2-small,t3.nano
2022-02-17T12:30:21.798332Z,ekoqaf,GCP,asia-south1,AWS,eu-west-2,59244544,142.626,e2-small,t3.nano
2022-02-17T12:30:21.798332Z,ekoqaf,GCP,northamerica-northeast2,GCP,australia-southeast2,136183808,202.708,e2-small,
2022-02-17T12:30:21.798332Z,ekoqaf,GCP,europe-west6,AWS,ap-northeast-1,36175872,233.449,e2-small,t3.nano
2022-02-17T12:30:21.798332Z,ekoqaf,GCP,australia-southeast2,GCP,asia-south2,186908672,152.434,e2-small,
2022-02-17T12:30:21.798332Z,ekoqaf,AWS,sa-east-1,GCP,northamerica-northeast1,221904896,127.036,e2-small,t3.nano
2022-02-17T12:30:21.798332Z,ekoqaf,AWS,eu-west-3,AWS,ap-southeast-1,49283072,164.757,,t3.nano
2022-02-17T12:30:21.798332Z,ekoqaf,GCP,northamerica-northeast2,AWS,eu-west-2,104726528,85.152,e2-small,t3.nano
2022-02-17T12:30:21.798332Z,ekoqaf,GCP,europe-north1,GCP,asia-south1,172752896,164.936,e2-small,
2022-02-17T12:30:21.798332Z,ekoqaf,GCP,europe-north1,GCP,us-central1,226885632,126.423,e2-small,
2022-02-17T12:30:21.798332Z,ekoqaf,GCP,europe-west3,AWS,ca-central-1,102236160,89.861,e2-small,t3.nano
2022-02-17T12:30:21.798332Z,ekoqaf,AWS,ap-northeast-3,GCP,northamerica-northeast1,175374336,159.921,e2-small,t3.nano
2022-02-17T12:30:21.798332Z,ekoqaf,GCP,asia-northeast3,GCP,europe-west1,105775104,250.935,e2-small,
2022-02-17T12:30:21.798332Z,ekoqaf,AWS,ap-northeast-2,GCP,southamerica-east1,84017152,286.731,e2-small,t3.nano
2022-02-17T12:30:21.798332Z,ekoqaf,GCP,asia-southeast2,GCP,europe-west2,127008768,217.456,e2-small,
2022-02-17T12:30:21.798332Z,ekoqaf,GCP,europe-west3,GCP,europe-north1,914358272,33.731,e2-small,
2022-02-17T12:30:21.798332Z,ekoqaf,GCP,asia-south2,GCP,northamerica-northeast2,106692608,247.549,e2-small,
2022-02-17T12:30:21.798332Z,ekoqaf,GCP,europe-west3,AWS,ap-northeast-2,31457280,258.853,e2-small,t3.nano
2022-02-17T12:30:21.798332Z,ekoqaf,GCP,asia-southeast2,AWS,eu-west-2,41156608,213.820,e2-small,t3.nano
2022-02-17T12:30:21.798332Z,ekoqaf,GCP,asia-south1,AWS,ap-south-1,1203109888,2.295,e2-small,t3.nano
2022-02-17T12:30:21.798332Z,ekoqaf,GCP,australia-southeast2,GCP,europe-north1,81395712,311.892,e2-small,
2022-02-17T12:30:21.798332Z,ekoqaf,GCP,australia-southeast2,AWS,eu-west-2,30801920,274.962,e2-small,t3.nano
2022-02-17T12:30:21.798332Z,ekoqaf,GCP,europe-west4,AWS,ap-northeast-3,36700160,234.571,e2-small,t3.nano
2022-02-17T12:30:21.798332Z,ekoqaf,GCP,australia-southeast2,GCP,australia-southeast1,1195376640,15.436,e2-small,
2022-02-17T12:30:21.798332Z,ekoqaf,GCP,asia-south2,AWS,ap-northeast-1,64880640,140.254,e2-small,t3.nano
2022-02-17T12:30:21.798332Z,ekoqaf,GCP,europe-west6,AWS,eu-west-2,470548480,19.716,e2-small,t3.nano
2022-02-17T12:30:21.798332Z,ekoqaf,AWS,ap-southeast-2,AWS,ap-south-1,56492032,152.229,,t3.nano
2022-02-17T12:30:21.798332Z,ekoqaf,AWS,eu-west-3,GCP,asia-south2,173408256,160.840,e2-small,t3.nano
2022-02-17T12:30:21.798332Z,ekoqaf,GCP,northamerica-northeast2,GCP,europe-west4,315228160,96.265,e2-small,
2022-02-17T12:30:21.798332Z,ekoqaf,AWS,ap-south-1,GCP,europe-north1,155713536,164.283,e2-small,t3.nano
2022-02-17T12:30:21.798332Z,ekoqaf,GCP,europe-west2,GCP,europe-west6,1185808384,21.144,e2-small,
2022-02-17T12:30:21.798332Z,ekoqaf,AWS,eu-west-3,AWS,ap-northeast-3,36962304,221.491,,t3.nano
2022-02-17T12:30:21.798332Z,ekoqaf,AWS,eu-west-2,AWS,sa-east-1,46006272,185.818,,t3.nano
2022-02-17T12:30:21.798332Z,ekoqaf,GCP,southamerica-east1,GCP,europe-west3,137756672,199.285,e2-small,
2022-02-17T12:30:21.798332Z,ekoqaf,GCP,asia-northeast3,AWS,ca-central-1,44957696,190.045,e2-small,t3.nano
2022-02-17T12:30:21.798332Z,ekoqaf,GCP,northamerica-northeast1,AWS,ap-south-1,39059456,217.805,e2-small,t3.nano
2022-02-17T12:30:21.798332Z,ekoqaf,AWS,ap-northeast-2,GCP,australia-southeast2,165019648,166.134,e2-small,t3.nano
2022-02-17T12:30:21.798332Z,ekoqaf,GCP,northamerica-northeast2,AWS,eu-central-1,90177536,96.448,e2-small,t3.nano
2022-02-17T12:30:21.798332Z,ekoqaf,GCP,europe-west1,AWS,ap-southeast-2,30277632,279.594,e2-small,t3.nano
2022-02-17T12:30:21.798332Z,ekoqaf,GCP,europe-west3,GCP,europe-west1,1211760640,9.513,e2-small,
2022-02-17T12:30:21.798332Z,ekoqaf,GCP,asia-south1,GCP,southamerica-east1,76939264,321.412,e2-small,
2022-02-17T12:30:21.798332Z,ekoqaf,AWS,ap-northeast-2,AWS,ap-southeast-2,59768832,140.145,,t3.nano
2022-02-17T12:30:21.798332Z,ekoqaf,GCP,asia-northeast3,GCP,northamerica-northeast1,156368896,180.309,e2-small,
2022-02-17T12:30:21.798332Z,ekoqaf,AWS,eu-west-1,AWS,ap-northeast-1,40632320,198.555,,t3.nano
2022-02-17T12:30:21.798332Z,ekoqaf,AWS,ap-northeast-3,GCP,asia-southeast1,396099584,68.927,e2-small,t3.nano
2022-02-17T12:30:21.798332Z,ekoqaf,GCP,europe-west4,AWS,ap-southeast-1,42598400,200.619,e2-small,t3.nano
2022-02-17T12:30:21.798332Z,ekoqaf,GCP,australia-southeast1,GCP,europe-west3,85458944,287.984,e2-small,
2022-02-17T12:30:21.798332Z,ekoqaf,AWS,ap-south-1,GCP,asia-northeast3,215482368,129.297,e2-small,t3.nano
2022-02-17T12:30:21.798332Z,ekoqaf,GCP,europe-west4,GCP,asia-southeast1,133824512,200.202,e2-small,
2022-02-17T12:30:21.798332Z,ekoqaf,AWS,eu-west-2,AWS,eu-west-3,954728448,7.968,,t3.nano
2022-02-17T12:30:21.798332Z,ekoqaf,AWS,eu-west-2,GCP,asia-southeast2,124256256,212.372,e2-small,t3.nano
2022-02-17T12:30:21.798332Z,ekoqaf,AWS,eu-central-1,GCP,australia-southeast2,86900736,288.320,e2-small,t3.nano
2022-02-17T12:30:21.798332Z,ekoqaf,GCP,northamerica-northeast1,GCP,southamerica-east1,225181696,127.969,e2-small,
2022-02-17T12:30:21.798332Z,ekoqaf,GCP,europe-north1,GCP,europe-west4,950796288,33.530,e2-small,
2022-02-17T12:30:21.798332Z,ekoqaf,AWS,eu-west-1,GCP,europe-west1,1477312512,18.991,e2-small,t3.nano
2022-02-17T12:30:21.798332Z,ekoqaf,GCP,australia-southeast1,GCP,europe-west2,92405760,282.658,e2-small,
2022-02-17T12:30:21.798332Z,ekoqaf,AWS,ca-central-1,GCP,australia-southeast2,112852992,218.167,e2-small,t3.nano
2022-02-17T12:30:21.798332Z,ekoqaf,GCP,asia-south2,AWS,ap-south-1,378404864,23.160,e2-small,t3.nano
2022-02-17T12:30:21.798332Z,ekoqaf,AWS,eu-west-1,GCP,asia-southeast1,122814464,209.269,e2-small,t3.nano
2022-02-17T12:30:21.798332Z,ekoqaf,GCP,europe-north1,AWS,eu-central-1,301203456,30.686,e2-small,t3.nano
2022-02-17T12:30:21.798332Z,ekoqaf,GCP,europe-north1,GCP,asia-northeast3,92143616,276.200,e2-small,
2022-02-17T12:30:21.798332Z,ekoqaf,GCP,europe-west6,AWS,sa-east-1,40501248,204.623,e2-small,t3.nano
2022-02-17T12:30:21.798332Z,ekoqaf,GCP,southamerica-east1,AWS,ap-south-1,24510464,327.286,e2-small,t3.nano
2022-02-17T12:30:21.798332Z,ekoqaf,GCP,europe-west3,AWS,ap-southeast-1,43646976,194.546,e2-small,t3.nano
2022-02-17T12:30:21.798332Z,ekoqaf,AWS,sa-east-1,GCP,asia-southeast1,73269248,327.777,e2-small,t3.nano
2022-02-17T12:30:21.798332Z,ekoqaf,GCP,asia-south2,GCP,us-central1,98697216,256.318,e2-small,
2022-02-17T12:30:21.798332Z,ekoqaf,GCP,asia-south2,GCP,asia-south1,1184235520,32.670,e2-small,
2022-02-17T12:30:21.798332Z,ekoqaf,AWS,sa-east-1,GCP,asia-south2,60030976,380.009,e2-small,t3.nano
2022-02-17T12:30:21.798332Z,ekoqaf,AWS,eu-west-1,GCP,us-central1,275513344,104.169,e2-small,t3.nano
2022-02-17T12:30:21.798332Z,ekoqaf,AWS,eu-west-1,GCP,asia-south1,182714368,151.115,e2-small,t3.nano
2022-02-17T12:30:21.798332Z,ekoqaf,AWS,eu-west-3,AWS,ap-northeast-2,34471936,243.777,,t3.nano
2022-02-17T12:30:21.798332Z,ekoqaf,GCP,southamerica-east1,GCP,europe-west2,144441344,191.677,e2-small,
2022-02-17T12:30:21.798332Z,ekoqaf,GCP,europe-west6,AWS,ap-southeast-2,28966912,289.965,e2-small,t3.nano
2022-02-17T12:30:21.798332Z,ekoqaf,AWS,eu-central-1,GCP,asia-northeast3,97517568,254.712,e2-small,t3.nano
2022-02-17T12:30:21.798332Z,ekoqaf,GCP,asia-south2,AWS,ca-central-1,30932992,273.823,e2-small,t3.nano
2022-02-17T12:30:21.798332Z,ekoqaf,GCP,europe-west2,GCP,northamerica-northeast2,349569024,85.651,e2-small,
2022-02-17T12:30:21.798332Z,ekoqaf,GCP,europe-west6,AWS,eu-west-3,744751104,14.961,e2-small,t3.nano
2022-02-17T12:30:21.798332Z,ekoqaf,AWS,ap-southeast-2,GCP,europe-west6,84148224,290.001,e2-small,t3.nano
2022-02-17T12:30:21.798332Z,ekoqaf,AWS,eu-central-1,GCP,northamerica-northeast1,317980672,90.741,e2-small,t3.nano
2022-02-17T12:30:21.798332Z,ekoqaf,AWS,eu-west-1,AWS,ca-central-1,124649472,68.705,,t3.nano
2022-02-17T12:30:21.798332Z,ekoqaf,GCP,northamerica-northeast2,AWS,sa-east-1,68812800,133.747,e2-small,t3.nano
2022-02-17T12:30:21.798332Z,ekoqaf,GCP,australia-southeast2,GCP,asia-northeast3,176160768,160.359,e2-small,
2022-02-17T12:30:21.798332Z,ekoqaf,GCP,europe-west6,GCP,australia-southeast1,90046464,280.735,e2-small,
2022-02-17T12:30:21.798332Z,ekoqaf,GCP,australia-southeast2,AWS,eu-west-3,29491200,281.412,e2-small,t3.nano
2022-02-17T12:30:21.798332Z,ekoqaf,GCP,europe-west4,AWS,ap-northeast-2,31850496,255.432,e2-small,t3.nano
2022-02-17T12:30:21.798332Z,ekoqaf,AWS,eu-west-2,GCP,australia-southeast2,91357184,274.952,e2-small,t3.nano
2022-02-17T12:30:21.798332Z,ekoqaf,AWS,eu-west-1,AWS,ap-southeast-2,32112640,254.951,,t3.nano
2022-02-17T12:30:21.798332Z,ekoqaf,GCP,europe-west4,GCP,europe-north1,932708352,34.449,e2-small,
2022-02-17T12:30:21.798332Z,ekoqaf,GCP,europe-west3,GCP,asia-northeast3,103940096,252.314,e2-small,
2022-02-17T12:30:21.798332Z,ekoqaf,GCP,asia-south1,AWS,sa-east-1,26738688,320.134,e2-small,t3.nano
2022-02-17T12:30:21.798332Z,ekoqaf,AWS,ap-northeast-2,AWS,ap-northeast-1,296353792,33.009,,t3.nano
2022-02-17T12:30:21.798332Z,ekoqaf,GCP,europe-west3,AWS,ap-northeast-3,35389440,234.706,e2-small,t3.nano
2022-02-17T12:30:21.798332Z,ekoqaf,AWS,ap-southeast-1,GCP,asia-south2,443023360,68.756,e2-small,t3.nano
2022-02-17T12:30:21.798332Z,ekoqaf,GCP,asia-southeast2,AWS,eu-west-3,39059456,212.102,e2-small,t3.nano
2022-02-17T12:30:21.798332Z,ekoqaf,GCP,asia-northeast3,GCP,southamerica-east1,91488256,284.802,e2-small,
2022-02-17T12:30:21.798332Z,ekoqaf,GCP,europe-west1,AWS,ap-northeast-1,39190528,226.097,e2-small,t3.nano
2022-02-17T12:30:21.798332Z,ekoqaf,AWS,eu-north-1,GCP,asia-northeast3,91357184,268.884,e2-small,t3.nano
2022-02-17T12:30:21.798332Z,ekoqaf,GCP,northamerica-northeast2,AWS,ap-south-1,38273024,225.436,e2-small,t3.nano
2022-02-17T12:30:21.798332Z,ekoqaf,GCP,australia-southeast2,AWS,sa-east-1,24641536,319.123,e2-small,t3.nano
2022-02-17T12:30:21.798332Z,ekoqaf,AWS,ap-southeast-1,GCP,northamerica-northeast2,121503744,209.282,e2-small,t3.nano
2022-02-17T12:30:21.798332Z,ekoqaf,GCP,asia-southeast2,GCP,europe-west3,132775936,211.193,e2-small,
2022-02-17T12:30:21.798332Z,ekoqaf,AWS,ap-northeast-1,AWS,eu-central-1,37093376,222.876,,t3.nano
2022-02-17T12:30:21.798332Z,ekoqaf,GCP,northamerica-northeast2,AWS,eu-west-3,89522176,92.321,e2-small,t3.nano
2022-02-17T12:30:21.798332Z,ekoqaf,GCP,europe-west3,GCP,asia-south2,181534720,157.207,e2-small,
2022-02-17T12:30:21.798332Z,ekoqaf,AWS,ap-southeast-1,AWS,ap-south-1,133431296,58.800,,t3.nano
2022-02-17T12:30:21.798332Z,ekoqaf,AWS,eu-west-2,GCP,southamerica-east1,141426688,191.611,e2-small,t3.nano
2022-02-17T12:30:21.798332Z,ekoqaf,AWS,ap-northeast-1,AWS,eu-west-1,41287680,198.539,,t3.nano
2022-02-17T12:30:21.798332Z,ekoqaf,GCP,asia-southeast2,AWS,sa-east-1,24772608,343.821,e2-small,t3.nano
2022-02-17T12:30:21.798332Z,ekoqaf,AWS,ap-northeast-1,GCP,europe-west4,107872256,225.241,e2-small,t3.nano
2022-02-17T12:30:21.798332Z,ekoqaf,GCP,asia-south2,AWS,ap-southeast-2,53477376,162.238,e2-small,t3.nano
2022-02-17T12:30:21.798332Z,ekoqaf,GCP,europe-west3,AWS,eu-west-1,374210560,23.504,e2-small,t3.nano
2022-02-17T12:30:21.798332Z,ekoqaf,GCP,asia-south1,AWS,eu-west-3,61603840,135.825,e2-small,t3.nano
2022-02-17T12:30:21.798332Z,ekoqaf,GCP,asia-south2,GCP,europe-west1,169213952,158.232,e2-small,
2022-02-17T12:30:21.798332Z,ekoqaf,AWS,sa-east-1,GCP,europe-west2,143654912,189.621,e2-small,t3.nano
2022-02-17T12:30:21.798332Z,ekoqaf,GCP,europe-west2,GCP,southamerica-east1,143654912,191.856,e2-small,
2022-02-17T12:30:21.798332Z,ekoqaf,GCP,europe-north1,AWS,ap-southeast-2,27787264,304.912,e2-small,t3.nano
2022-02-17T12:30:21.798332Z,ekoqaf,AWS,eu-west-2,AWS,eu-central-1,586809344,14.146,,t3.nano
2022-02-17T12:30:21.798332Z,ekoqaf,GCP,southamerica-east1,GCP,asia-southeast2,73400320,332.923,e2-small,
2022-02-17T12:30:21.798332Z,ekoqaf,GCP,australia-southeast1,AWS,ap-southeast-1,93323264,94.504,e2-small,t3.nano
2022-02-17T12:30:21.798332Z,ekoqaf,GCP,europe-west4,AWS,eu-west-2,739770368,14.816,e2-small,t3.nano
2022-02-17T12:30:21.798332Z,ekoqaf,AWS,eu-west-3,GCP,europe-west3,1806565376,11.694,e2-small,t3.nano
2022-02-17T12:30:21.798332Z,ekoqaf,AWS,sa-east-1,AWS,eu-west-2,44302336,185.801,,t3.nano
2022-02-17T12:30:21.798332Z,ekoqaf,GCP,asia-south2,GCP,australia-southeast2,189136896,152.599,e2-small,
2022-02-17T12:30:21.798332Z,ekoqaf,AWS,ap-south-1,AWS,eu-west-3,62652416,131.718,,t3.nano
2022-02-17T12:30:21.798332Z,ekoqaf,AWS,eu-west-2,GCP,europe-west4,1825439744,14.919,e2-small,t3.nano
2022-02-17T12:30:21.798332Z,ekoqaf,GCP,us-central1,GCP,southamerica-east1,203554816,139.581,e2-small,
2022-02-17T12:30:21.798332Z,ekoqaf,AWS,eu-central-1,AWS,ap-southeast-1,54525952,155.711,,t3.nano
2022-02-17T12:30:21.798332Z,ekoqaf,AWS,ap-northeast-3,GCP,europe-north1,93061120,257.121,e2-small,t3.nano
2022-02-17T12:30:21.798332Z,ekoqaf,AWS,ap-south-1,AWS,ca-central-1,40108032,213.824,,t3.nano
2022-02-17T12:30:21.798332Z,ekoqaf,AWS,ap-southeast-1,GCP,australia-southeast2,345112576,85.081,e2-small,t3.nano
2022-02-17T12:30:21.798332Z,ekoqaf,GCP,europe-west2,GCP,australia-southeast1,99614720,264.423,e2-small,
2022-02-17T12:30:21.798332Z,ekoqaf,AWS,ap-southeast-1,GCP,europe-west3,131203072,194.469,e2-small,t3.nano
2022-02-17T12:30:21.798332Z,ekoqaf,AWS,eu-north-1,GCP,europe-west4,1072168960,26.823,e2-small,t3.nano
2022-02-17T12:30:21.798332Z,ekoqaf,AWS,ap-northeast-2,AWS,ca-central-1,48758784,172.299,,t3.nano
2022-02-17T12:30:21.798332Z,ekoqaf,AWS,eu-north-1,GCP,northamerica-northeast1,261881856,110.161,e2-small,t3.nano
2022-02-17T12:30:21.798332Z,ekoqaf,GCP,asia-south1,GCP,northamerica-northeast2,122683392,223.216,e2-small,
2022-02-17T12:30:21.798332Z,ekoqaf,AWS,ap-northeast-2,GCP,us-central1,175112192,160.454,e2-small,t3.nano
2022-02-17T12:30:21.798332Z,ekoqaf,AWS,ap-northeast-2,GCP,asia-south1,187957248,154.127,e2-small,t3.nano
2022-02-17T12:30:21.798332Z,ekoqaf,AWS,eu-north-1,AWS,eu-central-1,439746560,20.535,,t3.nano
2022-02-17T12:30:21.798332Z,ekoqaf,AWS,ap-south-1,AWS,sa-east-1,25165824,331.279,,t3.nano
2022-02-17T12:30:21.798332Z,ekoqaf,GCP,europe-west1,GCP,europe-west2,1195638784,8.465,e2-small,
2022-02-17T12:30:21.798332Z,ekoqaf,AWS,eu-north-1,AWS,eu-west-3,289669120,28.184,,t3.nano
2022-02-17T12:30:21.798332Z,ekoqaf,GCP,asia-southeast2,AWS,ap-southeast-2,81002496,105.512,e2-small,t3.nano
2022-02-17T12:30:21.798332Z,ekoqaf,GCP,northamerica-northeast1,GCP,asia-southeast1,123469824,212.845,e2-small,
2022-02-17T12:30:21.798332Z,ekoqaf,GCP,australia-southeast1,AWS,ap-northeast-3,64749568,145.091,e2-small,t3.nano
2022-02-17T12:30:21.798332Z,ekoqaf,AWS,eu-central-1,GCP,southamerica-east1,130154496,201.813,e2-small,t3.nano
2022-02-17T12:30:21.798332Z,ekoqaf,GCP,northamerica-northeast1,AWS,ap-southeast-2,42336256,209.022,e2-small,t3.nano
2022-02-17T12:30:21.798332Z,ekoqaf,GCP,us-central1,AWS,sa-east-1,57933824,145.483,e2-small,t3.nano
2022-02-17T12:30:21.798332Z,ekoqaf,AWS,ap-south-1,GCP,europe-west1,199753728,138.479,e2-small,t3.nano
2022-02-17T12:30:21.798332Z,ekoqaf,GCP,northamerica-northeast2,GCP,asia-southeast2,120717312,219.364,e2-small,
2022-02-17T12:30:21.798332Z,ekoqaf,GCP,southamerica-east1,GCP,australia-southeast1,87556096,294.720,e2-small,
2022-02-17T12:30:21.798332Z,ekoqaf,GCP,asia-northeast3,GCP,asia-southeast2,342228992,83.774,e2-small,
2022-02-17T12:30:21.798332Z,ekoqaf,AWS,eu-central-1,AWS,ap-northeast-3,35913728,227.163,,t3.nano
2022-02-17T12:30:21.798332Z,ekoqaf,GCP,asia-southeast2,GCP,asia-northeast3,352583680,83.952,e2-small,
2022-02-17T12:30:21.798332Z,ekoqaf,GCP,europe-west4,GCP,southamerica-east1,134479872,200.423,e2-small,
2022-02-17T12:30:21.798332Z,ekoqaf,GCP,europe-west6,GCP,asia-northeast3,100663296,259.795,e2-small,
2022-02-17T12:30:21.798332Z,ekoqaf,AWS,ap-northeast-2,GCP,europe-west1,100007936,249.811,e2-small,t3.nano
2022-02-17T12:30:21.798332Z,ekoqaf,AWS,eu-central-1,AWS,eu-north-1,431095808,20.564,,t3.nano
2022-02-17T12:30:21.798332Z,ekoqaf,AWS,ap-northeast-3,GCP,europe-west6,104595456,239.477,e2-small,t3.nano
2022-02-17T12:30:21.798332Z,ekoqaf,GCP,asia-south1,GCP,europe-west4,206700544,141.464,e2-small,
2022-02-17T12:30:21.798332Z,ekoqaf,AWS,sa-east-1,GCP,southamerica-east1,2973237248,3.201,e2-small,t3.nano
2022-02-17T12:30:21.798332Z,ekoqaf,AWS,eu-north-1,AWS,sa-east-1,37224448,214.631,,t3.nano
2022-02-17T12:30:21.798332Z,ekoqaf,AWS,eu-central-1,AWS,eu-west-2,571342848,14.087,,t3.nano
2022-02-17T12:30:21.798332Z,ekoqaf,AWS,sa-east-1,AWS,eu-north-1,37355520,214.661,,t3.nano
2022-02-17T12:30:21.798332Z,ekoqaf,AWS,ca-central-1,AWS,ap-southeast-2,42205184,196.886,,t3.nano
2022-02-17T12:30:21.798332Z,ekoqaf,AWS,eu-north-1,AWS,ap-southeast-2,27394048,292.665,,t3.nano
2022-02-17T12:30:21.798332Z,ekoqaf,GCP,asia-southeast1,GCP,europe-west6,144179200,193.456,e2-small,
2022-02-17T12:30:21.798332Z,ekoqaf,GCP,asia-south1,AWS,eu-central-1,63832064,134.141,e2-small,t3.nano
2022-02-17T12:30:21.798332Z,ekoqaf,GCP,asia-southeast1,GCP,australia-southeast1,312737792,94.298,e2-small,
2022-02-17T12:30:21.798332Z,ekoqaf,AWS,ap-northeast-1,GCP,asia-northeast3,857210880,33.294,e2-small,t3.nano
2022-02-17T12:30:21.798332Z,ekoqaf,AWS,ap-south-1,GCP,australia-southeast2,205783040,146.509,e2-small,t3.nano
2022-02-17T12:30:21.798332Z,ekoqaf,GCP,europe-west6,GCP,northamerica-northeast1,313917440,93.101,e2-small,
2022-02-17T12:30:21.798332Z,ekoqaf,AWS,ap-southeast-2,AWS,eu-west-2,31326208,266.924,,t3.nano
2022-02-17T12:30:21.798332Z,ekoqaf,GCP,asia-northeast3,AWS,ap-northeast-2,1211891712,2.762,e2-small,t3.nano
2022-02-17T12:30:21.798332Z,ekoqaf,GCP,us-central1,AWS,eu-west-3,82968576,102.271,e2-small,t3.nano
2022-02-17T12:30:21.798332Z,ekoqaf,AWS,ap-northeast-1,AWS,ap-southeast-1,118882304,72.871,,t3.nano
2022-02-17T12:30:21.798332Z,ekoqaf,GCP,asia-southeast2,AWS,eu-central-1,26083328,214.969,e2-small,t3.nano
2022-02-17T12:30:21.798332Z,ekoqaf,GCP,northamerica-northeast2,AWS,eu-north-1,73924608,116.191,e2-small,t3.nano
2022-02-17T12:30:21.798332Z,ekoqaf,GCP,southamerica-east1,GCP,asia-northeast3,92405760,284.407,e2-small,
2022-02-17T12:30:21.798332Z,ekoqaf,GCP,asia-south2,GCP,europe-west6,190054400,152.304,e2-small,
2022-02-17T12:30:21.798332Z,ekoqaf,GCP,southamerica-east1,AWS,ap-southeast-2,28573696,297.976,e2-small,t3.nano
2022-02-17T12:30:21.798332Z,ekoqaf,AWS,eu-west-2,AWS,ap-northeast-2,34471936,236.742,,t3.nano
2022-02-17T12:30:21.798332Z,ekoqaf,AWS,ap-southeast-2,AWS,ca-central-1,42467328,196.936,,t3.nano
2022-02-17T12:30:21.798332Z,ekoqaf,AWS,ap-northeast-1,GCP,europe-west3,104726528,228.670,e2-small,t3.nano
2022-02-17T12:30:21.798332Z,ekoqaf,GCP,us-central1,GCP,northamerica-northeast2,1173749760,23.257,e2-small,
2022-02-17T12:30:21.798332Z,ekoqaf,AWS,ap-southeast-1,AWS,eu-north-1,47316992,174.983,,t3.nano
2022-02-17T12:30:21.798332Z,ekoqaf,GCP,asia-southeast2,GCP,europe-west4,129630208,212.999,e2-small,
2022-02-17T12:30:21.798332Z,ekoqaf,GCP,us-central1,AWS,ap-northeast-3,60293120,135.716,e2-small,t3.nano
2022-02-17T12:30:21.798332Z,ekoqaf,AWS,eu-west-3,AWS,eu-west-1,460849152,16.617,,t3.nano
2022-02-17T12:30:21.798332Z,ekoqaf,GCP,asia-south1,AWS,ap-northeast-2,57671680,152.123,e2-small,t3.nano
2022-02-17T12:30:21.798332Z,ekoqaf,GCP,asia-southeast1,GCP,northamerica-northeast1,125173760,217.725,e2-small,
2022-02-17T12:30:21.798332Z,ekoqaf,GCP,asia-northeast3,GCP,australia-southeast2,173146112,160.352,e2-small,
2022-02-17T12:30:21.798332Z,ekoqaf,AWS,ap-northeast-1,GCP,us-central1,214827008,128.999,e2-small,t3.nano
2022-02-17T12:30:21.798332Z,ekoqaf,AWS,ap-northeast-1,GCP,asia-south1,206962688,140.853,e2-small,t3.nano
2022-02-17T12:30:21.798332Z,ekoqaf,AWS,eu-west-2,GCP,europe-north1,706609152,41.066,e2-small,t3.nano
2022-02-17T12:30:21.798332Z,ekoqaf,GCP,europe-west2,AWS,ap-southeast-1,44040192,199.246,e2-small,t3.nano
2022-02-17T12:30:21.798332Z,ekoqaf,AWS,ap-northeast-1,AWS,ap-northeast-3,1000079360,9.114,,t3.nano
2022-02-17T12:30:21.798332Z,ekoqaf,GCP,asia-southeast2,GCP,europe-north1,112590848,240.322,e2-small,
2022-02-17T12:30:21.798332Z,ekoqaf,AWS,ap-southeast-2,GCP,europe-west1,89260032,279.575,e2-small,t3.nano
2022-02-17T12:30:21.798332Z,ekoqaf,GCP,northamerica-northeast2,GCP,europe-west2,345899008,85.392,e2-small,
2022-02-17T12:30:21.798332Z,ekoqaf,GCP,europe-west6,GCP,us-central1,262275072,113.236,e2-small,
2022-02-17T12:30:21.798332Z,ekoqaf,GCP,europe-west6,GCP,asia-south1,224788480,129.236,e2-small,
2022-02-17T12:30:21.798332Z,ekoqaf,AWS,ap-south-1,AWS,ap-northeast-2,59506688,135.660,,t3.nano
2022-02-17T12:30:21.798332Z,ekoqaf,AWS,sa-east-1,GCP,australia-southeast2,76808192,316.318,e2-small,t3.nano
2022-02-17T12:30:21.798332Z,ekoqaf,AWS,ap-south-1,GCP,northamerica-northeast2,114556928,226.429,e2-small,t3.nano
2022-02-17T12:30:21.798332Z,ekoqaf,GCP,us-central1,GCP,australia-southeast2,145620992,187.590,e2-small,
2022-02-17T12:30:21.798332Z,ekoqaf,GCP,asia-northeast3,AWS,eu-west-2,34340864,243.120,e2-small,t3.nano
2022-02-17T12:30:21.798332Z,ekoqaf,GCP,northamerica-northeast2,GCP,asia-northeast3,159907840,173.841,e2-small,
2022-02-17T12:30:21.798332Z,ekoqaf,GCP,europe-west2,AWS,eu-west-2,1211891712,4.123,e2-small,t3.nano
2022-02-17T12:30:21.798332Z,ekoqaf,AWS,ca-central-1,AWS,eu-west-3,101580800,82.999,,t3.nano
2022-02-17T12:30:21.798332Z,ekoqaf,GCP,us-central1,AWS,ap-southeast-1,43515904,191.112,e2-small,t3.nano
2022-02-17T12:30:21.798332Z,ekoqaf,AWS,ap-northeast-2,GCP,asia-southeast1,325320704,91.135,e2-small,t3.nano
2022-02-17T12:30:21.798332Z,ekoqaf,GCP,europe-west6,GCP,asia-southeast2,135790592,201.840,e2-small,
2022-02-17T12:30:21.798332Z,ekoqaf,AWS,ca-central-1,AWS,sa-east-1,68026368,124.307,,t3.nano
2022-02-17T12:30:21.798332Z,ekoqaf,GCP,europe-north1,GCP,europe-west3,922353664,34.068,e2-small,
2022-02-17T12:30:21.798332Z,ekoqaf,GCP,asia-south2,AWS,eu-north-1,46137344,190.269,e2-small,t3.nano
2022-02-17T12:30:21.798332Z,ekoqaf,AWS,ap-northeast-1,GCP,northamerica-northeast2,181141504,146.665,e2-small,t3.nano
2022-02-17T12:30:21.798332Z,ekoqaf,AWS,ap-northeast-1,GCP,asia-southeast2,319815680,88.322,e2-small,t3.nano
2022-02-17T12:30:21.798332Z,ekoqaf,AWS,eu-west-1,GCP,europe-west6,1046872064,27.715,e2-small,t3.nano
2022-02-17T12:30:21.798332Z,ekoqaf,AWS,ap-northeast-3,AWS,ap-northeast-1,930349056,9.061,,t3.nano
2022-02-17T12:30:21.798332Z,ekoqaf,GCP,europe-west2,AWS,ap-northeast-3,36700160,225.107,e2-small,t3.nano
2022-02-17T12:30:21.798332Z,ekoqaf,GCP,southamerica-east1,AWS,eu-north-1,38666240,216.716,e2-small,t3.nano
2022-02-17T12:30:21.798332Z,ekoqaf,AWS,eu-west-1,GCP,australia-southeast2,88342528,283.341,e2-small,t3.nano
2022-02-17T12:30:21.798332Z,ekoqaf,GCP,europe-west4,GCP,europe-west2,1189085184,13.165,e2-small,
2022-02-17T12:30:21.798332Z,ekoqaf,GCP,asia-south1,GCP,us-central1,102367232,256.393,e2-small,
2022-02-17T12:30:21.798332Z,ekoqaf,GCP,europe-west1,GCP,australia-southeast1,98828288,268.413,e2-small,
2022-02-17T12:30:21.798332Z,ekoqaf,AWS,eu-central-1,AWS,ap-south-1,63832064,133.513,,t3.nano
2022-02-17T12:30:21.798332Z,ekoqaf,GCP,asia-southeast1,GCP,europe-west1,138805248,198.833,e2-small,
2022-02-17T12:30:21.798332Z,ekoqaf,GCP,northamerica-northeast2,AWS,ap-northeast-2,47710208,179.224,e2-small,t3.nano
2022-02-17T12:30:21.798332Z,ekoqaf,AWS,eu-west-2,GCP,asia-northeast3,99090432,247.971,e2-small,t3.nano
2022-02-17T12:30:21.798332Z,ekoqaf,AWS,ap-southeast-2,GCP,australia-southeast2,1596194816,15.422,e2-small,t3.nano
2022-02-17T12:30:21.798332Z,ekoqaf,GCP,asia-south1,GCP,europe-west3,209846272,133.653,e2-small,
2022-02-17T12:30:21.798332Z,ekoqaf,AWS,ap-northeast-3,GCP,europe-west1,112590848,227.455,e2-small,t3.nano
2022-02-17T12:30:21.798332Z,ekoqaf,AWS,sa-east-1,AWS,ap-south-1,23855104,331.262,,t3.nano
2022-02-17T12:30:21.798332Z,ekoqaf,GCP,southamerica-east1,GCP,europe-north1,123600896,218.305,e2-small,
2022-02-17T12:30:21.798332Z,ekoqaf,AWS,ca-central-1,GCP,asia-south1,117964800,222.208,e2-small,t3.nano
2022-02-17T12:30:21.798332Z,ekoqaf,AWS,ca-central-1,GCP,us-central1,999555072,29.748,e2-small,t3.nano
2022-02-17T12:30:21.798332Z,ekoqaf,AWS,ap-northeast-2,GCP,europe-west6,95027200,266.402,e2-small,t3.nano
2022-02-17T12:30:21.798332Z,ekoqaf,GCP,europe-north1,GCP,asia-southeast2,111149056,240.217,e2-small,
2022-02-17T12:30:21.798332Z,ekoqaf,GCP,asia-southeast1,AWS,ap-northeast-2,94240768,90.985,e2-small,t3.nano
2022-02-17T12:30:21.798332Z,ekoqaf,GCP,us-central1,GCP,europe-west2,304873472,96.655,e2-small,
2022-02-17T12:30:21.798332Z,ekoqaf,AWS,ap-south-1,GCP,europe-west6,204734464,130.324,e2-small,t3.nano
2022-02-17T12:30:21.798332Z,ekoqaf,AWS,sa-east-1,AWS,ap-northeast-3,32112640,260.970,,t3.nano
2022-02-17T12:30:21.798332Z,ekoqaf,AWS,eu-north-1,GCP,asia-south2,141819904,185.177,e2-small,t3.nano
2022-02-17T12:30:21.798332Z,ekoqaf,GCP,northamerica-northeast2,GCP,europe-north1,235405312,122.740,e2-small,
2022-02-17T12:30:21.798332Z,ekoqaf,AWS,eu-west-2,GCP,us-central1,302645248,96.737,e2-small,t3.nano
2022-02-17T12:30:21.798332Z,ekoqaf,AWS,eu-west-2,GCP,asia-south1,195821568,142.250,e2-small,t3.nano
2022-02-17T12:30:21.798332Z,ekoqaf,GCP,europe-west1,GCP,europe-north1,904265728,34.418,e2-small,
2022-02-17T12:30:21.798332Z,ekoqaf,GCP,asia-south1,GCP,australia-southeast2,197394432,146.880,e2-small,
2022-02-17T12:30:21.798332Z,ekoqaf,AWS,ap-southeast-1,AWS,ap-northeast-2,103284736,81.224,,t3.nano
2022-02-17T12:30:21.798332Z,ekoqaf,AWS,eu-central-1,GCP,asia-southeast2,121634816,214.977,e2-small,t3.nano
2022-02-17T12:30:21.798332Z,ekoqaf,AWS,ap-northeast-3,GCP,australia-southeast1,196345856,145.089,e2-small,t3.nano
2022-02-17T12:30:21.798332Z,ekoqaf,AWS,ca-central-1,GCP,europe-west2,370540544,78.477,e2-small,t3.nano
2022-02-17T12:30:21.798332Z,ekoqaf,GCP,asia-southeast1,AWS,ca-central-1,32899072,222.525,e2-small,t3.nano
2022-02-17T12:30:21.798332Z,ekoqaf,AWS,ap-southeast-2,GCP,asia-south2,172621824,159.851,e2-small,t3.nano
2022-02-17T12:30:21.798332Z,ekoqaf,AWS,ap-northeast-3,GCP,southamerica-east1,94240768,261.033,e2-small,t3.nano
2022-02-17T12:30:21.798332Z,ekoqaf,GCP,europe-west3,GCP,northamerica-northeast1,331218944,90.391,e2-small,
2022-02-17T12:30:21.798332Z,ekoqaf,GCP,asia-southeast1,AWS,eu-west-1,40370176,207.526,e2-small,t3.nano
2022-02-17T12:30:21.798332Z,ekoqaf,AWS,ap-northeast-2,AWS,sa-east-1,28966912,283.581,,t3.nano
2022-02-17T12:30:21.798332Z,ekoqaf,AWS,ap-southeast-1,AWS,eu-central-1,54394880,156.391,,t3.nano
2022-02-17T12:30:21.798332Z,ekoqaf,GCP,australia-southeast1,GCP,northamerica-northeast2,141295616,191.298,e2-small,
2022-02-17T12:30:21.798332Z,ekoqaf,GCP,australia-southeast2,GCP,asia-southeast2,291373056,95.595,e2-small,
2022-02-17T12:30:21.798332Z,ekoqaf,AWS,ap-southeast-1,GCP,southamerica-east1,73400320,321.935,e2-small,t3.nano
2022-02-17T12:30:21.798332Z,ekoqaf,AWS,ap-southeast-1,GCP,europe-west4,130547712,200.230,e2-small,t3.nano
2022-02-17T12:30:21.798332Z,ekoqaf,AWS,eu-north-1,GCP,europe-west3,1163919360,28.086,e2-small,t3.nano
2022-02-17T12:30:21.798332Z,ekoqaf,GCP,europe-north1,GCP,northamerica-northeast1,249954304,116.051,e2-small,
2022-02-17T12:30:21.798332Z,ekoqaf,GCP,asia-southeast2,GCP,australia-southeast1,276299776,108.549,e2-small,
2022-02-17T12:30:21.798332Z,ekoqaf,GCP,australia-southeast2,AWS,ap-northeast-1,58982400,144.340,e2-small,t3.nano
2022-02-17T12:30:21.798332Z,ekoqaf,GCP,europe-west3,GCP,asia-southeast2,131727360,209.501,e2-small,
2022-02-17T12:30:21.798332Z,ekoqaf,GCP,australia-southeast1,GCP,asia-southeast1,312737792,94.512,e2-small,
2022-02-17T12:30:21.798332Z,ekoqaf,GCP,australia-southeast1,AWS,eu-west-1,30277632,271.738,e2-small,t3.nano
2022-02-17T12:30:21.798332Z,ekoqaf,AWS,ap-northeast-3,AWS,ca-central-1,57540608,148.503,,t3.nano
2022-02-17T12:30:21.798332Z,ekoqaf,AWS,eu-west-2,GCP,europe-west3,1626079232,16.035,e2-small,t3.nano
2022-02-17T12:30:21.798332Z,ekoqaf,AWS,ap-northeast-2,AWS,eu-west-3,34340864,243.873,,t3.nano
2022-02-17T12:30:21.798332Z,ekoqaf,AWS,eu-west-3,GCP,europe-west4,1492647936,17.552,e2-small,t3.nano
2022-02-17T12:30:21.798332Z,ekoqaf,AWS,sa-east-1,AWS,ap-southeast-1,25821184,321.678,,t3.nano
2022-02-17T12:30:21.798332Z,ekoqaf,GCP,asia-south2,AWS,eu-west-1,48758784,179.314,e2-small,t3.nano
2022-02-17T12:30:21.798332Z,ekoqaf,AWS,eu-north-1,GCP,asia-southeast2,105644032,234.047,e2-small,t3.nano
2022-02-17T12:30:21.798332Z,ekoqaf,AWS,eu-west-3,AWS,eu-central-1,868220928,9.344,,t3.nano
2022-02-17T12:30:21.798332Z,ekoqaf,AWS,eu-west-1,GCP,northamerica-northeast2,308150272,94.999,e2-small,t3.nano
2022-02-17T12:30:21.798332Z,ekoqaf,GCP,northamerica-northeast1,AWS,eu-west-1,102367232,87.718,e2-small,t3.nano
2022-02-17T12:30:21.798332Z,ekoqaf,GCP,southamerica-east1,GCP,asia-south1,77725696,321.133,e2-small,
2022-02-17T12:30:21.798332Z,ekoqaf,GCP,southamerica-east1,GCP,us-central1,206176256,139.525,e2-small,
2022-02-17T12:30:21.798332Z,ekoqaf,AWS,sa-east-1,GCP,europe-west4,131858432,198.918,e2-small,t3.nano
2022-02-17T12:30:21.798332Z,ekoqaf,AWS,eu-central-1,GCP,europe-west1,1899626496,11.465,e2-small,t3.nano
2022-02-17T12:30:21.798332Z,ekoqaf,GCP,us-central1,GCP,europe-north1,225181696,126.497,e2-small,
2022-02-17T12:30:21.798332Z,ekoqaf,GCP,australia-southeast1,GCP,asia-south2,174325760,161.051,e2-small,
2022-02-17T12:30:21.798332Z,ekoqaf,GCP,europe-west4,GCP,northamerica-northeast2,305528832,95.456,e2-small,
2022-02-17T12:30:21.798332Z,ekoqaf,GCP,europe-west2,GCP,us-central1,305397760,96.658,e2-small,
2022-02-17T12:30:21.798332Z,ekoqaf,GCP,australia-southeast2,GCP,europe-west1,84672512,291.392,e2-small,
2022-02-17T12:30:21.798332Z,ekoqaf,GCP,europe-west2,GCP,asia-south1,204734464,140.911,e2-small,
2022-02-17T12:30:21.798332Z,ekoqaf,AWS,eu-west-2,GCP,europe-west2,4288937984,4.255,e2-small,t3.nano
2022-02-17T12:30:21.798332Z,ekoqaf,AWS,sa-east-1,AWS,eu-central-1,40108032,204.216,,t3.nano
2022-02-17T12:30:21.798332Z,ekoqaf,AWS,ap-northeast-2,AWS,eu-west-2,34996224,236.713,,t3.nano
2022-02-17T12:30:21.798332Z,ekoqaf,GCP,europe-north1,GCP,southamerica-east1,123207680,218.464,e2-small,
2022-02-17T12:30:21.798332Z,ekoqaf,GCP,europe-west1,AWS,eu-central-1,778698752,11.759,e2-small,t3.nano
2022-02-17T12:30:21.798332Z,ekoqaf,GCP,asia-southeast1,AWS,ap-southeast-1,1208614912,2.296,e2-small,t3.nano
2022-02-17T12:30:21.798332Z,ekoqaf,GCP,asia-southeast2,GCP,southamerica-east1,73138176,332.828,e2-small,
2022-02-17T12:30:21.798332Z,ekoqaf,GCP,northamerica-northeast1,GCP,europe-west6,316145664,93.099,e2-small,
2022-02-17T12:30:21.798332Z,ekoqaf,AWS,eu-west-3,GCP,southamerica-east1,138018816,194.307,e2-small,t3.nano
2022-02-17T12:30:21.798332Z,ekoqaf,AWS,eu-north-1,GCP,europe-west2,888012800,33.062,e2-small,t3.nano
2022-02-17T12:30:21.798332Z,ekoqaf,GCP,northamerica-northeast2,AWS,ap-southeast-1,39190528,209.131,e2-small,t3.nano
2022-02-17T12:30:21.798332Z,ekoqaf,AWS,ap-south-1,GCP,us-central1,96337920,246.653,e2-small,t3.nano
2022-02-17T12:30:21.798332Z,ekoqaf,AWS,ap-south-1,GCP,asia-south1,4448452608,2.615,e2-small,t3.nano
2022-02-17T12:30:21.798332Z,ekoqaf,GCP,asia-southeast2,GCP,northamerica-northeast1,118751232,228.909,e2-small,
2022-02-17T12:30:21.798332Z,ekoqaf,AWS,ca-central-1,GCP,europe-west3,320864256,89.839,e2-small,t3.nano
2022-02-17T12:30:21.798332Z,ekoqaf,GCP,europe-west1,GCP,europe-west4,1202323456,11.020,e2-small,
2022-02-17T12:30:21.798332Z,ekoqaf,GCP,europe-west6,GCP,europe-north1,838205440,37.279,e2-small,
2022-02-17T12:30:21.798332Z,ekoqaf,GCP,asia-northeast3,GCP,us-central1,183238656,155.869,e2-small,
2022-02-17T12:30:21.798332Z,ekoqaf,AWS,ap-southeast-1,AWS,ap-northeast-3,133562368,66.943,,t3.nano
2022-02-17T12:30:21.798332Z,ekoqaf,GCP,europe-north1,GCP,australia-southeast2,81002496,306.020,e2-small,
2022-02-17T12:30:21.798332Z,ekoqaf,AWS,eu-west-3,GCP,australia-southeast1,93716480,268.404,e2-small,t3.nano
2022-02-17T12:30:21.798332Z,ekoqaf,AWS,eu-central-1,AWS,ca-central-1,92274688,89.889,,t3.nano
2022-02-17T12:30:21.798332Z,ekoqaf,GCP,us-central1,GCP,asia-south1,104857600,253.816,e2-small,
2022-02-17T12:30:21.798332Z,ekoqaf,AWS,sa-east-1,AWS,ap-northeast-2,27394048,283.598,,t3.nano
2022-02-17T12:30:21.798332Z,ekoqaf,AWS,eu-north-1,GCP,australia-southeast2,76808192,298.744,e2-small,t3.nano
2022-02-17T12:30:21.798332Z,ekoqaf,GCP,australia-southeast2,AWS,ca-central-1,38273024,218.347,e2-small,t3.nano
2022-02-17T12:30:21.798332Z,ekoqaf,AWS,ap-northeast-2,GCP,northamerica-northeast2,124911616,179.223,e2-small,t3.nano
2022-02-17T12:30:21.798332Z,ekoqaf,AWS,ca-central-1,GCP,northamerica-northeast2,1946025984,8.558,e2-small,t3.nano
2022-02-17T12:30:21.798332Z,ekoqaf,GCP,us-central1,GCP,europe-west3,274726912,106.365,e2-small,
2022-02-17T12:30:21.798332Z,ekoqaf,GCP,asia-southeast1,AWS,ap-northeast-3,115736576,74.812,e2-small,t3.nano
2022-02-17T12:30:21.798332Z,ekoqaf,GCP,asia-south1,GCP,europe-west2,200540160,140.999,e2-small,
2022-02-17T12:30:21.798332Z,ekoqaf,GCP,australia-southeast2,GCP,southamerica-east1,82313216,307.977,e2-small,
2022-02-17T12:30:21.798332Z,ekoqaf,GCP,australia-southeast2,AWS,ap-southeast-2,569114624,15.506,e2-small,t3.nano
2022-02-17T12:30:21.798332Z,ekoqaf,GCP,northamerica-northeast2,AWS,ap-northeast-3,57933824,153.609,e2-small,t3.nano
2022-02-17T12:30:21.798332Z,ekoqaf,AWS,ap-southeast-2,GCP,europe-north1,77463552,303.538,e2-small,t3.nano
2022-02-17T12:30:21.798332Z,ekoqaf,GCP,europe-west4,GCP,europe-west3,1209794560,10.804,e2-small,
2022-02-17T12:30:21.798332Z,ekoqaf,AWS,ap-south-1,GCP,asia-southeast2,286654464,76.781,e2-small,t3.nano
2022-02-17T12:30:21.798332Z,ekoqaf,GCP,europe-west2,AWS,ap-northeast-2,33947648,245.308,e2-small,t3.nano
2022-02-17T12:30:21.798332Z,ekoqaf,GCP,southamerica-east1,AWS,eu-west-1,42860544,201.661,e2-small,t3.nano
2022-02-17T12:30:21.798332Z,ekoqaf,GCP,asia-northeast3,AWS,sa-east-1,27394048,294.226,e2-small,t3.nano
2022-02-17T12:30:21.798332Z,ekoqaf,GCP,us-central1,GCP,asia-southeast1,142344192,191.208,e2-small,
2022-02-17T12:30:21.798332Z,ekoqaf,AWS,ap-southeast-2,GCP,asia-southeast2,268173312,106.586,e2-small,t3.nano
2022-02-17T12:30:21.798332Z,ekoqaf,GCP,europe-north1,GCP,europe-west2,744751104,42.067,e2-small,
2022-02-17T12:30:21.798332Z,ekoqaf,AWS,ap-northeast-1,GCP,europe-north1,95551488,253.144,e2-small,t3.nano
2022-02-17T12:30:21.798332Z,ekoqaf,GCP,europe-west2,AWS,sa-east-1,43384832,189.699,e2-small,t3.nano
2022-02-17T12:30:21.798332Z,ekoqaf,GCP,australia-southeast1,GCP,europe-west4,93847552,272.743,e2-small,
2022-02-17T12:30:21.798332Z,ekoqaf,AWS,eu-west-3,GCP,asia-southeast2,123994112,212.026,e2-small,t3.nano
2022-02-17T12:30:21.798332Z,ekoqaf,AWS,ap-southeast-1,AWS,eu-west-1,46399488,179.831,,t3.nano
2022-02-17T12:30:21.798332Z,ekoqaf,GCP,australia-southeast1,AWS,eu-central-1,31064064,275.872,e2-small,t3.nano
2022-02-17T12:30:21.798332Z,ekoqaf,AWS,eu-north-1,GCP,europe-north1,1889402880,12.408,e2-small,t3.nano
2022-02-17T12:30:21.798332Z,ekoqaf,GCP,asia-south1,AWS,ap-southeast-1,135790592,61.917,e2-small,t3.nano
2022-02-17T12:30:21.798332Z,ekoqaf,AWS,ap-southeast-1,GCP,asia-southeast1,4671406080,2.154,e2-small,t3.nano
2022-02-17T12:30:21.798332Z,ekoqaf,GCP,europe-west2,AWS,eu-west-3,911867904,10.294,e2-small,t3.nano
2022-02-17T12:30:21.798332Z,ekoqaf,GCP,europe-west3,GCP,europe-west6,1209925632,8.120,e2-small,
2022-02-17T12:30:21.798332Z,ekoqaf,AWS,ap-southeast-2,AWS,eu-north-1,26607616,292.580,,t3.nano
2022-02-17T12:30:21.798332Z,ekoqaf,AWS,ca-central-1,AWS,eu-west-2,110100480,75.976,,t3.nano
2022-02-17T12:30:21.798332Z,ekoqaf,GCP,europe-west6,AWS,ca-central-1,102629376,95.173,e2-small,t3.nano
2022-02-17T12:30:21.798332Z,ekoqaf,GCP,northamerica-northeast1,GCP,australia-southeast2,124911616,210.091,e2-small,
2022-02-17T12:30:21.798332Z,ekoqaf,GCP,europe-west4,GCP,asia-south2,168034304,169.364,e2-small,
2022-02-17T12:30:21.798332Z,ekoqaf,GCP,asia-northeast3,AWS,eu-west-3,34734080,248.544,e2-small,t3.nano
2022-02-17T12:30:21.798332Z,ekoqaf,GCP,europe-west2,GCP,europe-west1,1205600256,8.349,e2-small,
2022-02-17T12:30:21.798332Z,ekoqaf,GCP,asia-southeast2,GCP,asia-south1,390856704,78.127,e2-small,
2022-02-17T12:30:21.798332Z,ekoqaf,GCP,asia-southeast2,GCP,us-central1,135135232,207.599,e2-small,
2022-02-17T12:30:21.798332Z,ekoqaf,GCP,southamerica-east1,GCP,europe-west4,137887744,200.579,e2-small,
2022-02-17T12:30:21.798332Z,ekoqaf,AWS,eu-west-2,AWS,ap-southeast-1,47972352,170.075,,t3.nano
2022-02-17T12:30:21.798332Z,ekoqaf,AWS,ap-south-1,AWS,ap-northeast-3,72089600,119.063,,t3.nano
2022-02-17T12:30:21.798332Z,ekoqaf,GCP,europe-west3,GCP,australia-southeast2,90308608,286.002,e2-small,
2022-02-17T12:30:21.798332Z,ekoqaf,GCP,southamerica-east1,AWS,eu-central-1,43122688,201.973,e2-small,t3.nano
2022-02-17T12:30:21.798332Z,ekoqaf,GCP,northamerica-northeast1,AWS,eu-north-1,77332480,109.862,e2-small,t3.nano
2022-02-17T12:30:21.798332Z,ekoqaf,AWS,ap-northeast-1,AWS,ap-northeast-2,245628928,32.960,,t3.nano
2022-02-17T12:30:21.798332Z,ekoqaf,GCP,southamerica-east1,AWS,ap-northeast-1,31588352,257.982,e2-small,t3.nano
2022-02-17T12:30:21.798332Z,ekoqaf,GCP,northamerica-northeast2,GCP,europe-west3,308543488,96.809,e2-small,
2022-02-17T12:30:21.798332Z,ekoqaf,AWS,eu-central-1,GCP,asia-south2,165150720,165.331,e2-small,t3.nano
2022-02-17T12:30:21.798332Z,ekoqaf,AWS,ap-northeast-3,AWS,ap-southeast-2,75235328,114.944,,t3.nano
2022-02-17T12:30:21.798332Z,ekoqaf,AWS,ap-northeast-3,GCP,asia-south2,198967296,140.284,e2-small,t3.nano
2022-02-17T12:30:21.798332Z,ekoqaf,GCP,asia-south1,AWS,eu-north-1,55312384,156.405,e2-small,t3.nano
2022-02-17T12:30:21.798332Z,ekoqaf,GCP,europe-west2,GCP,asia-northeast3,108134400,244.304,e2-small,
2022-02-17T12:30:21.798332Z,ekoqaf,GCP,asia-south1,AWS,ap-northeast-3,65798144,132.039,e2-small,t3.nano
2022-02-17T12:30:21.798332Z,ekoqaf,GCP,europe-west3,GCP,southamerica-east1,137887744,199.690,e2-small,
2022-02-17T12:30:21.798332Z,ekoqaf,GCP,australia-southeast2,GCP,northamerica-northeast2,135528448,202.686,e2-small,
2022-02-17T12:30:21.798332Z,ekoqaf,GCP,northamerica-northeast2,GCP,asia-south2,111149056,242.025,e2-small,
2022-02-17T12:30:21.798332Z,ekoqaf,GCP,asia-northeast3,GCP,europe-west6,101842944,261.830,e2-small,
2022-02-17T12:30:21.798332Z,ekoqaf,GCP,asia-south1,GCP,asia-southeast1,488112128,61.307,e2-small,
2022-02-17T12:30:21.798332Z,ekoqaf,GCP,europe-west6,GCP,europe-west1,1188036608,14.276,e2-small,
2022-02-17T12:30:21.798332Z,ekoqaf,GCP,us-central1,AWS,ap-northeast-2,52953088,161.855,e2-small,t3.nano
2022-02-17T12:30:21.798332Z,ekoqaf,GCP,europe-west2,AWS,ca-central-1,114688000,78.365,e2-small,t3.nano
2022-02-17T12:30:21.798332Z,ekoqaf,AWS,eu-west-2,GCP,northamerica-northeast2,338690048,84.763,e2-small,t3.nano
2022-02-17T12:30:21.798332Z,ekoqaf,GCP,southamerica-east1,GCP,northamerica-northeast2,208666624,134.712,e2-small,
2022-02-17T12:30:21.798332Z,ekoqaf,AWS,ap-south-1,AWS,ap-southeast-1,164233216,58.813,,t3.nano
2022-02-17T12:30:21.798332Z,ekoqaf,AWS,eu-west-2,AWS,ap-northeast-3,38797312,214.655,,t3.nano
2022-02-17T12:30:21.798332Z,ekoqaf,AWS,ap-northeast-1,GCP,europe-west2,111280128,219.579,e2-small,t3.nano
2022-02-17T12:30:21.798332Z,ekoqaf,AWS,ap-northeast-1,GCP,australia-southeast2,191365120,147.816,e2-small,t3.nano
2022-02-17T12:30:21.798332Z,ekoqaf,GCP,asia-south2,GCP,asia-southeast2,369098752,81.037,e2-small,
2022-02-17T12:30:21.798332Z,ekoqaf,AWS,eu-north-1,AWS,ap-south-1,54132736,157.862,,t3.nano
