timestamp,run_id,from_cloud,from_region,to_cloud,to_region,bitrate_Bps,avgrtt
2022-02-03T11:14:52Z,dehuze,AWS,ap-south-1,AWS,ap-northeast-3,6778126336.0,0.019
2022-02-03T11:14:52Z,dehuze,AWS,ap-south-1,AWS,ap-southeast-1,7910064128.0,0.024
2022-02-03T11:14:55Z,dehuze,AWS,ap-southeast-2,AWS,ap-southeast-1,7075266560.0,0.011
2022-02-03T11:14:55Z,dehuze,AWS,ap-southeast-2,AWS,ap-south-1,7049576448.0,0.023
2022-02-03T11:14:55Z,dehuze,AWS,ap-southeast-2,AWS,ap-northeast-3,7226130432.0,0.008
2022-02-03T11:14:55Z,dehuze,AWS,ap-southeast-2,AWS,ap-northeast-2,7232552960.0,0.013
2022-02-03T11:14:53Z,dehuze,AWS,ap-southeast-1,AWS,ap-south-1,6943539200.0,0.008
2022-02-03T11:14:55Z,dehuze,AWS,ap-northeast-2,AWS,ap-southeast-1,6189088768.0,0.01
2022-02-03T11:14:55Z,dehuze,AWS,ap-northeast-2,AWS,ap-northeast-3,6228148224.0,0.016
2022-02-03T11:14:52Z,dehuze,AWS,ap-south-1,AWS,ap-northeast-2,6630801408.0,0.011
2022-02-03T11:14:53Z,dehuze,AWS,ap-southeast-1,AWS,ap-southeast-2,9630515200.0,0.009
2022-02-03T11:14:54Z,dehuze,AWS,ap-northeast-3,AWS,ap-southeast-1,7426801664.0,0.017
2022-02-03T11:14:54Z,dehuze,AWS,ap-northeast-3,AWS,ap-northeast-2,7506362368.0,0.014
2022-02-03T11:14:54Z,dehuze,AWS,ap-northeast-1,AWS,ap-southeast-2,10589962240.0,0.016
2022-02-03T11:14:53Z,dehuze,AWS,ap-southeast-1,AWS,ap-northeast-1,6861225984.0,0.017
2022-02-03T11:14:53Z,dehuze,AWS,ap-southeast-1,AWS,ap-northeast-2,6835535872.0,0.017
2022-02-03T11:14:54Z,dehuze,AWS,ap-northeast-1,AWS,ap-south-1,7293632512.0,0.011
2022-02-03T11:14:54Z,dehuze,AWS,ap-northeast-3,AWS,ap-northeast-1,7460093952.0,0.01
2022-02-03T11:14:54Z,dehuze,AWS,ap-northeast-1,AWS,ap-northeast-3,7262830592.0,0.025
2022-02-03T11:14:54Z,dehuze,AWS,ap-northeast-1,AWS,ap-southeast-1,7287078912.0,0.017
2022-02-03T11:14:54Z,dehuze,AWS,ap-northeast-3,AWS,ap-southeast-2,7480934400.0,0.015
2022-02-03T11:14:54Z,dehuze,AWS,ap-northeast-1,AWS,ap-northeast-2,7274889216.0,0.01
2022-02-03T11:14:53Z,dehuze,AWS,ap-southeast-1,AWS,ap-northeast-3,7404781568.0,0.007
2022-02-03T11:14:55Z,dehuze,AWS,ap-northeast-2,AWS,ap-south-1,7680819200.0,0.027
2022-02-03T11:14:55Z,dehuze,AWS,ap-northeast-2,AWS,ap-southeast-2,6201671680.0,0.013
2022-02-03T11:14:54Z,dehuze,AWS,ap-northeast-3,AWS,ap-south-1,7495352320.0,0.014
2022-02-03T11:14:52Z,dehuze,AWS,ap-south-1,AWS,ap-northeast-1,6767640576.0,0.008
2022-02-03T11:14:55Z,dehuze,AWS,ap-southeast-2,AWS,ap-northeast-1,7071072256.0,0.015
2022-02-03T11:14:55Z,dehuze,AWS,ap-northeast-2,AWS,ap-northeast-1,6185943040.0,0.012
2022-02-03T11:14:52Z,dehuze,AWS,ap-south-1,AWS,ap-southeast-2,6646005760.0,0.007
2022-02-03T14:39:18Z,dezuvu,AWS,eu-west-1,AWS,ca-central-1,46661632.0,69.337
2022-02-03T14:39:18Z,dezuvu,AWS,eu-west-3,AWS,eu-west-1,171442176.0,17.818
2022-02-03T14:39:20Z,dezuvu,AWS,ca-central-1,AWS,eu-west-1,40239104.0,69.182
2022-02-03T14:39:18Z,dezuvu,AWS,eu-west-2,AWS,eu-west-3,256507904.0,9.255
2022-02-03T14:39:20Z,dezuvu,AWS,ca-central-1,AWS,eu-west-3,33423360.0,83.757
2022-02-03T14:39:18Z,dezuvu,AWS,eu-west-2,AWS,ca-central-1,115474432.0,77.47
2022-02-03T14:39:20Z,dezuvu,AWS,ca-central-1,AWS,eu-west-2,114950144.0,77.616
2022-02-03T14:39:18Z,dezuvu,AWS,eu-west-2,AWS,eu-west-1,174063616.0,13.593
2022-02-03T14:39:18Z,dezuvu,AWS,eu-west-1,AWS,eu-west-3,78118912.0,17.848
2022-02-03T14:39:18Z,dezuvu,AWS,eu-west-3,AWS,eu-west-2,238813184.0,9.342
2022-02-03T14:39:18Z,dezuvu,AWS,eu-west-3,AWS,ca-central-1,21495808.0,83.741
2022-02-03T14:39:18Z,dezuvu,AWS,eu-west-1,AWS,eu-west-2,193724416.0,13.831
2022-02-03T16:07:43Z,qotuvi,AWS,us-east-1,AWS,us-west-1,134348800.0,62.403
2022-02-03T16:07:45Z,qotuvi,AWS,us-west-1,AWS,us-east-1,136708096.0,63.011
2022-02-03T16:46:43Z,wojare,AWS,us-east-1,AWS,us-west-1,138280960.0,61.241
2022-02-03T16:46:45Z,wojare,AWS,us-west-1,AWS,us-east-1,135266304.0,61.249
2022-02-03T17:03:42Z,qiboya,AWS,us-east-1,AWS,us-west-1,138936320.0,62.168
2022-02-03T17:03:43Z,qiboya,AWS,us-west-1,AWS,us-east-1,139984896.0,62.07
2022-02-03T17:00:45Z,puseti,AWS,us-east-1,AWS,us-west-1,136577024.0,62.775
2022-02-03T17:00:47Z,puseti,AWS,us-west-1,AWS,us-east-1,144965632.0,62.344
2022-02-03T17:28:00Z,kokusa,AWS,us-west-1,AWS,ap-south-1,3014656.0,233.48
2022-02-03T17:28:00Z,kokusa,AWS,us-west-1,AWS,ca-central-1,97779712.0,77.845
2022-02-03T17:28:00Z,kokusa,AWS,ap-southeast-1,AWS,us-west-1,47448064.0,177.905
2022-02-03T17:28:00Z,kokusa,AWS,us-west-1,AWS,us-east-2,154927104.0,49.768
2022-02-03T17:28:01Z,kokusa,AWS,us-west-1,AWS,ap-northeast-1,43646976.0,107.162
2022-02-03T17:28:20Z,kokusa,AWS,us-west-1,AWS,eu-west-2,29491200.0,146.443
2022-02-03T17:28:01Z,kokusa,AWS,ap-northeast-3,AWS,us-west-1,76546048.0,108.957
2022-02-03T17:28:00Z,kokusa,AWS,us-west-1,AWS,eu-north-1,33161216.0,174.524
2022-02-03T17:28:01Z,kokusa,AWS,sa-east-1,AWS,us-west-1,48758784.0,172.797
2022-02-03T17:28:04Z,kokusa,AWS,us-west-1,AWS,eu-west-3,44957696.0,141.82
2022-02-03T17:28:00Z,kokusa,AWS,us-west-1,AWS,sa-east-1,24641536.0,172.74
2022-02-03T17:27:56Z,kokusa,AWS,eu-west-2,AWS,us-west-1,57933824.0,146.51
2022-02-03T17:28:00Z,kokusa,AWS,us-west-1,AWS,us-west-1,26520322048.0,0.018
2022-02-03T17:28:01Z,kokusa,AWS,ap-northeast-1,AWS,us-west-1,77332480.0,107.125
2022-02-03T17:28:00Z,kokusa,AWS,us-west-1,AWS,ap-southeast-1,4718592.0,177.88
2022-02-03T17:28:03Z,kokusa,AWS,us-west-1,AWS,ap-northeast-3,6684672.0,108.957
2022-02-03T17:28:00Z,kokusa,AWS,us-west-1,AWS,us-west-2,387448832.0,20.572
2022-02-03T17:27:58Z,kokusa,AWS,ca-central-1,AWS,us-west-1,118226944.0,78.037
2022-02-03T17:28:03Z,kokusa,AWS,ap-southeast-2,AWS,us-west-1,61865984.0,137.609
2022-02-03T17:27:58Z,kokusa,AWS,us-east-2,AWS,us-west-1,168165376.0,49.699
2022-02-03T17:28:00Z,kokusa,AWS,us-west-1,AWS,ap-northeast-2,59375616.0,137.95
2022-02-03T17:28:00Z,kokusa,AWS,us-west-1,AWS,eu-west-1,52428800.0,138.722
2022-02-03T17:28:02Z,kokusa,AWS,ap-northeast-2,AWS,us-west-1,61079552.0,138.7
2022-02-03T17:27:59Z,kokusa,AWS,us-west-2,AWS,us-west-1,403701760.0,20.816
2022-02-03T17:27:56Z,kokusa,AWS,eu-west-1,AWS,us-west-1,60686336.0,138.912
2022-02-03T17:27:56Z,kokusa,AWS,eu-north-1,AWS,us-west-1,46923776.0,174.548
2022-02-03T17:27:56Z,kokusa,AWS,eu-west-3,AWS,us-west-1,59637760.0,142.745
2022-02-03T17:27:59Z,kokusa,AWS,ap-south-1,AWS,us-west-1,33554432.0,233.549
2022-02-03T17:43:48Z,womomo,GCP,asia-northeast1,GCP,asia-east2,245104640.0,45.637
2022-02-03T17:43:48Z,womomo,GCP,asia-northeast1,GCP,asia-northeast3,321388544.0,33.148
2022-02-03T17:43:48Z,womomo,GCP,asia-northeast2,GCP,asia-east2,106561536.0,44.825
2022-02-03T17:43:48Z,womomo,GCP,asia-northeast2,GCP,asia-northeast1,500039680.0,9.279
2022-02-03T17:43:48Z,womomo,GCP,asia-northeast1,GCP,asia-northeast2,451411968.0,9.066
2022-02-03T17:43:48Z,womomo,GCP,asia-northeast3,GCP,asia-east2,269221888.0,50.674
2022-02-03T17:43:48Z,womomo,GCP,asia-east2,GCP,asia-northeast2,52035584.0,44.961
2022-02-03T17:43:48Z,womomo,GCP,asia-east1,GCP,asia-northeast1,254148608.0,34.17
2022-02-03T17:43:48Z,womomo,GCP,asia-east1,GCP,asia-east2,472776704.0,13.243
2022-02-03T17:43:49Z,womomo,GCP,asia-northeast3,GCP,asia-northeast1,284557312.0,33.067
2022-02-03T17:43:48Z,womomo,GCP,asia-east2,GCP,asia-northeast3,287178752.0,50.624
2022-02-03T17:43:49Z,womomo,GCP,asia-northeast3,GCP,asia-northeast2,312082432.0,30.14
2022-02-03T17:43:49Z,womomo,GCP,asia-east1,GCP,asia-northeast3,305397760.0,38.638
2022-02-03T17:43:48Z,womomo,GCP,asia-east2,GCP,asia-northeast1,159907840.0,46.032
2022-02-03T17:43:49Z,womomo,GCP,asia-east1,GCP,asia-northeast2,133824512.0,37.359
2022-02-03T17:43:48Z,womomo,GCP,asia-east2,GCP,asia-east1,550895616.0,13.521
2022-02-03T17:43:49Z,womomo,GCP,asia-northeast3,GCP,asia-east1,288489472.0,38.632
2022-02-03T17:43:48Z,womomo,GCP,asia-northeast2,GCP,asia-east1,228196352.0,37.517
2022-02-03T17:43:48Z,womomo,GCP,asia-northeast1,GCP,asia-east1,167772160.0,34.046
2022-02-03T17:43:48Z,womomo,GCP,asia-northeast2,GCP,asia-northeast3,354942976.0,30.293
2022-02-03T17:47:46Z,womomo,GCP,asia-south1,GCP,australia-southeast2,192151552.0,147.299
2022-02-03T17:47:16Z,womomo,GCP,asia-south2,GCP,asia-southeast1,200933376.0,69.913
2022-02-03T17:47:15Z,womomo,GCP,asia-south1,GCP,asia-southeast2,287440896.0,74.706
2022-02-03T17:47:18Z,womomo,GCP,australia-southeast1,GCP,asia-south2,154009600.0,170.604
2022-02-03T17:47:16Z,womomo,GCP,asia-southeast1,GCP,asia-south1,224264192.0,60.129
2022-02-03T17:47:22Z,womomo,GCP,asia-southeast2,GCP,asia-south1,288489472.0,74.971
2022-02-03T17:47:18Z,womomo,GCP,australia-southeast1,GCP,asia-southeast2,211419136.0,121.577
2022-02-03T17:47:25Z,womomo,GCP,australia-southeast2,GCP,asia-southeast1,219938816.0,83.465
2022-02-03T17:47:15Z,womomo,GCP,asia-south1,GCP,asia-south2,385613824.0,24.721
2022-02-03T17:47:16Z,womomo,GCP,asia-southeast1,GCP,asia-southeast2,515768320.0,15.275
2022-02-03T17:47:17Z,womomo,GCP,asia-southeast2,GCP,asia-southeast1,462028800.0,14.385
2022-02-03T17:47:24Z,womomo,GCP,asia-south2,GCP,australia-southeast2,58327040.0,157.071
2022-02-03T17:47:26Z,womomo,GCP,australia-southeast1,GCP,australia-southeast2,684589056.0,14.913
2022-02-03T17:47:16Z,womomo,GCP,asia-southeast1,GCP,australia-southeast1,201981952.0,94.168
2022-02-03T17:47:25Z,womomo,GCP,asia-southeast1,GCP,australia-southeast2,214171648.0,83.756
2022-02-03T17:47:16Z,womomo,GCP,asia-south2,GCP,australia-southeast1,29884416.0,167.376
2022-02-03T17:47:22Z,womomo,GCP,asia-southeast2,GCP,asia-south2,288882688.0,82.803
2022-02-03T17:47:17Z,womomo,GCP,australia-southeast1,GCP,asia-southeast1,172359680.0,99.047
2022-02-03T17:47:25Z,womomo,GCP,australia-southeast2,GCP,asia-southeast2,60162048.0,98.35
2022-02-03T17:47:16Z,womomo,GCP,asia-southeast1,GCP,asia-south2,281280512.0,69.728
2022-02-03T17:47:15Z,womomo,GCP,asia-south2,GCP,asia-south1,627965952.0,24.932
2022-02-03T17:47:18Z,womomo,GCP,australia-southeast1,GCP,asia-south1,69992448.0,155.32
2022-02-03T17:47:26Z,womomo,GCP,asia-southeast2,GCP,australia-southeast2,209977344.0,98.23
2022-02-03T17:47:25Z,womomo,GCP,australia-southeast2,GCP,australia-southeast1,677380096.0,15.261
2022-02-03T17:47:15Z,womomo,GCP,asia-south1,GCP,australia-southeast1,49414144.0,157.561
2022-02-03T17:47:16Z,womomo,GCP,asia-south2,GCP,asia-southeast2,276692992.0,85.705
2022-02-03T17:47:15Z,womomo,GCP,asia-south1,GCP,asia-southeast1,312213504.0,60.511
2022-02-03T18:08:53Z,womomo,GCP,europe-west2,GCP,europe-north1,768999424.0,39.999
2022-02-03T18:05:46Z,womomo,GCP,europe-west4,GCP,europe-central2,145096704.0,22.461
2022-02-03T18:05:40Z,womomo,GCP,europe-west1,GCP,europe-central2,260440064.0,27.06
2022-02-03T18:05:42Z,womomo,GCP,europe-west2,GCP,europe-west3,36831232.0,12.842
2022-02-03T18:05:47Z,womomo,GCP,europe-west3,GCP,europe-west4,428605440.0,10.168
2022-02-03T18:05:43Z,womomo,GCP,europe-north1,GCP,europe-west2,43909120.0,41.537
2022-02-03T18:05:42Z,womomo,GCP,europe-central2,GCP,europe-west1,204734464.0,25.115
2022-02-03T18:05:42Z,womomo,GCP,europe-west4,GCP,europe-west1,273416192.0,10.335
2022-02-03T18:05:42Z,womomo,GCP,europe-west2,GCP,europe-west4,543162368.0,12.43
2022-02-03T18:05:40Z,womomo,GCP,europe-west3,GCP,europe-west2,479199232.0,13.007
2022-02-03T18:05:59Z,womomo,GCP,europe-north1,GCP,europe-west4,979894272.0,32.614
2022-02-03T18:05:40Z,womomo,GCP,europe-west3,GCP,europe-west1,125435904.0,11.144
2022-02-03T18:05:40Z,womomo,GCP,europe-west1,GCP,europe-west3,428736512.0,10.148
2022-02-03T18:05:42Z,womomo,GCP,europe-central2,GCP,europe-west4,384827392.0,23.395
2022-02-03T18:05:40Z,womomo,GCP,europe-west1,GCP,europe-west2,304742400.0,10.989
2022-02-03T18:05:40Z,womomo,GCP,europe-west3,GCP,europe-central2,494010368.0,16.43
2022-02-03T18:05:40Z,womomo,GCP,europe-west1,GCP,europe-north1,31326208.0,37.516
2022-02-03T18:05:42Z,womomo,GCP,europe-west4,GCP,europe-north1,223346688.0,34.702
2022-02-03T18:05:42Z,womomo,GCP,europe-west4,GCP,europe-west2,109051904.0,12.833
2022-02-03T18:05:42Z,womomo,GCP,europe-central2,GCP,europe-west2,102367232.0,28.173
2022-02-03T18:05:43Z,womomo,GCP,europe-north1,GCP,europe-west1,575930368.0,35.203
2022-02-03T18:05:42Z,womomo,GCP,europe-west2,GCP,europe-west1,528482304.0,6.983
2022-02-03T18:05:42Z,womomo,GCP,europe-west2,GCP,europe-central2,100925440.0,28.041
2022-02-03T18:05:42Z,womomo,GCP,europe-west4,GCP,europe-west3,566755328.0,9.438
2022-02-03T18:05:42Z,womomo,GCP,europe-central2,GCP,europe-west3,268828672.0,15.863
2022-02-03T18:05:43Z,womomo,GCP,europe-north1,GCP,europe-central2,72744960.0,21.498
2022-02-03T18:05:47Z,womomo,GCP,europe-west1,GCP,europe-west4,899284992.0,10.119
2022-02-03T18:05:40Z,womomo,GCP,europe-west3,GCP,europe-north1,58064896.0,33.342
2022-02-03T18:18:11Z,womomo,GCP,southamerica-east1,GCP,northamerica-northeast1,195952640.0,127.706
2022-02-03T18:18:09Z,womomo,GCP,us-east1,GCP,northamerica-northeast2,442630144.0,45.069
2022-02-03T18:18:17Z,womomo,GCP,us-central1,GCP,southamerica-east1,129499136.0,137.016
2022-02-03T18:18:16Z,womomo,GCP,northamerica-northeast2,GCP,us-central1,65011712.0,23.469
2022-02-03T18:18:13Z,womomo,GCP,europe-west6,GCP,northamerica-northeast1,228196352.0,94.755
2022-02-03T18:18:16Z,womomo,GCP,us-east1,GCP,europe-west6,129892352.0,103.584
2022-02-03T18:18:16Z,womomo,GCP,northamerica-northeast1,GCP,europe-west6,39583744.0,94.839
2022-02-03T18:18:13Z,womomo,GCP,europe-west6,GCP,us-central1,198311936.0,109.837
2022-02-03T18:18:17Z,womomo,GCP,us-central1,GCP,northamerica-northeast1,268304384.0,29.265
2022-02-03T18:18:16Z,womomo,GCP,northamerica-northeast1,GCP,us-central1,247070720.0,29.302
2022-02-03T18:18:12Z,womomo,GCP,southamerica-east1,GCP,us-east1,177209344.0,116.776
2022-02-03T18:18:09Z,womomo,GCP,northamerica-northeast1,GCP,northamerica-northeast2,618659840.0,9.716
2022-02-03T18:18:14Z,womomo,GCP,europe-west6,GCP,southamerica-east1,117571584.0,207.749
2022-02-03T18:18:09Z,womomo,GCP,northamerica-northeast2,GCP,us-east1,420872192.0,33.74
2022-02-03T18:18:09Z,womomo,GCP,northamerica-northeast1,GCP,southamerica-east1,32243712.0,128.045
2022-02-03T18:18:09Z,womomo,GCP,northamerica-northeast1,GCP,us-east1,478019584.0,29.203
2022-02-03T18:18:09Z,womomo,GCP,us-east1,GCP,southamerica-east1,194379776.0,117.691
2022-02-03T18:18:17Z,womomo,GCP,us-central1,GCP,us-east1,300810240.0,32.48
2022-02-03T18:18:11Z,womomo,GCP,southamerica-east1,GCP,europe-west6,127008768.0,208.687
2022-02-03T18:18:09Z,womomo,GCP,northamerica-northeast2,GCP,southamerica-east1,132120576.0,139.93
2022-02-03T18:18:17Z,womomo,GCP,us-central1,GCP,northamerica-northeast2,296615936.0,23.294
2022-02-03T18:18:09Z,womomo,GCP,northamerica-northeast2,GCP,northamerica-northeast1,568066048.0,12.324
2022-02-03T18:18:16Z,womomo,GCP,us-east1,GCP,us-central1,152174592.0,32.455
2022-02-03T18:18:13Z,womomo,GCP,europe-west6,GCP,us-east1,113770496.0,104.208
2022-02-03T18:18:13Z,womomo,GCP,europe-west6,GCP,northamerica-northeast2,182714368.0,100.985
2022-02-03T18:18:11Z,womomo,GCP,southamerica-east1,GCP,northamerica-northeast2,60293120.0,135.632
2022-02-03T18:18:09Z,womomo,GCP,us-east1,GCP,northamerica-northeast1,377094144.0,27.333
2022-02-03T18:18:20Z,womomo,GCP,southamerica-east1,GCP,us-central1,185073664.0,136.213
2022-02-03T18:18:16Z,womomo,GCP,northamerica-northeast2,GCP,europe-west6,161349632.0,100.887
2022-02-03T19:15:47Z,jafuko,GCP,us-west3,GCP,us-west1,126615552.0,31.659
2022-02-03T19:15:48Z,jafuko,GCP,us-west1,GCP,us-west4,302776320.0,31.897
2022-02-03T19:15:47Z,jafuko,GCP,us-west3,GCP,us-east4,46268416.0,45.52
2022-02-03T19:15:48Z,jafuko,GCP,us-west2,GCP,us-west1,356909056.0,25.501
2022-02-03T19:15:48Z,jafuko,GCP,us-west4,GCP,us-west2,785645568.0,8.031
2022-02-03T19:15:48Z,jafuko,GCP,us-west1,GCP,us-west2,546308096.0,25.629
2022-02-03T19:15:48Z,jafuko,GCP,us-west2,GCP,us-east4,49545216.0,68.57
2022-02-03T19:15:46Z,jafuko,GCP,us-east4,GCP,us-west1,259260416.0,57.421
2022-02-03T19:15:48Z,jafuko,GCP,us-west1,GCP,us-west3,206962688.0,31.164
2022-02-03T19:15:48Z,jafuko,GCP,us-west4,GCP,us-west3,293732352.0,21.099
2022-02-03T19:15:48Z,jafuko,GCP,us-west2,GCP,us-west3,82182144.0,14.425
2022-02-03T19:15:48Z,jafuko,GCP,us-west4,GCP,us-east4,24117248.0,61.189
2022-02-03T19:15:46Z,jafuko,GCP,us-east4,GCP,us-west2,265682944.0,69.219
2022-02-03T19:15:48Z,jafuko,GCP,us-west1,GCP,us-east4,129892352.0,57.347
2022-02-03T19:15:46Z,jafuko,GCP,us-east4,GCP,us-west3,347602944.0,45.743
2022-02-03T19:15:47Z,jafuko,GCP,us-west3,GCP,us-west4,467664896.0,21.1
2022-02-03T19:15:48Z,jafuko,GCP,us-west4,GCP,us-west1,111673344.0,31.638
2022-02-03T19:15:46Z,jafuko,GCP,us-east4,GCP,us-west4,268959744.0,61.603
2022-02-03T19:15:47Z,jafuko,GCP,us-west3,GCP,us-west2,553910272.0,14.384
2022-02-03T19:15:48Z,jafuko,GCP,us-west2,GCP,us-west4,671350784.0,7.776
2022-02-03T19:25:49Z,bikuqo,AWS,eu-north-1,AWS,ca-central-1,79298560.0,106.37
2022-02-03T19:25:50Z,bikuqo,AWS,eu-north-1,AWS,us-west-2,54525952.0,160.964
2022-02-03T19:25:54Z,bikuqo,AWS,sa-east-1,AWS,us-east-2,65404928.0,122.971
2022-02-03T19:25:51Z,bikuqo,AWS,us-east-2,AWS,us-west-2,164233216.0,52.335
2022-02-03T19:25:53Z,bikuqo,AWS,us-west-2,AWS,eu-north-1,51773440.0,161.008
2022-02-03T19:25:51Z,bikuqo,AWS,us-east-2,AWS,ca-central-1,356253696.0,23.858
2022-02-03T19:25:51Z,bikuqo,AWS,ca-central-1,AWS,us-west-2,136314880.0,62.685
2022-02-03T19:25:53Z,bikuqo,AWS,us-west-2,AWS,us-east-2,173146112.0,52.325
2022-02-03T19:25:52Z,bikuqo,AWS,ca-central-1,AWS,sa-east-1,67633152.0,124.208
2022-02-03T19:25:54Z,bikuqo,AWS,sa-east-1,AWS,eu-north-1,38141952.0,213.342
2022-02-03T19:25:54Z,bikuqo,AWS,sa-east-1,AWS,us-west-2,46923776.0,182.084
2022-02-03T19:25:51Z,bikuqo,AWS,us-east-2,AWS,sa-east-1,66584576.0,122.619
2022-02-03T19:25:50Z,bikuqo,AWS,eu-north-1,AWS,us-east-2,69730304.0,118.805
2022-02-03T19:25:52Z,bikuqo,AWS,ca-central-1,AWS,eu-north-1,80084992.0,106.387
2022-02-03T19:25:53Z,bikuqo,AWS,us-west-2,AWS,ca-central-1,133169152.0,62.65
2022-02-03T19:25:51Z,bikuqo,AWS,us-east-2,AWS,eu-north-1,70516736.0,118.815
2022-02-03T19:25:52Z,bikuqo,AWS,us-west-2,AWS,sa-east-1,48234496.0,182.173
2022-02-03T19:25:51Z,bikuqo,AWS,ca-central-1,AWS,us-east-2,331481088.0,23.825
2022-02-03T19:25:54Z,bikuqo,AWS,sa-east-1,AWS,ca-central-1,67108864.0,124.202
2022-02-03T19:25:50Z,bikuqo,AWS,eu-north-1,AWS,sa-east-1,38928384.0,213.434
2022-02-03T19:30:59Z,bikuqo,AWS,eu-west-1,GCP,asia-east2,100532224.0,255.792
2022-02-03T19:31:01Z,bikuqo,AWS,us-east-1,GCP,asia-east1,145752064.0,182.543
2022-02-03T19:31:07Z,bikuqo,GCP,asia-east2,AWS,eu-west-2,36175872.0,228.192
2022-02-03T19:31:01Z,bikuqo,AWS,us-east-1,AWS,eu-west-3,101187584.0,81.984
2022-02-03T19:31:01Z,bikuqo,AWS,us-east-1,AWS,eu-west-2,110755840.0,75.854
2022-02-03T19:31:07Z,bikuqo,GCP,asia-east2,AWS,eu-west-3,35913728.0,232.673
2022-02-03T19:31:07Z,bikuqo,GCP,asia-east1,AWS,us-east-1,46399488.0,182.663
2022-02-03T19:30:59Z,bikuqo,AWS,eu-west-2,GCP,asia-east2,107872256.0,238.149
2022-02-03T19:30:59Z,bikuqo,AWS,eu-west-3,GCP,asia-east2,116785152.0,232.484
2022-02-03T19:31:07Z,bikuqo,GCP,asia-east1,AWS,eu-west-1,33423360.0,254.77
2022-02-03T19:30:59Z,bikuqo,AWS,eu-west-3,AWS,us-east-1,103153664.0,81.996
2022-02-03T19:30:59Z,bikuqo,AWS,eu-west-1,AWS,us-east-1,125960192.0,65.668
2022-02-03T19:31:06Z,bikuqo,GCP,asia-east2,AWS,us-east-1,43515904.0,194.553
2022-02-03T19:31:07Z,bikuqo,GCP,asia-east1,AWS,eu-west-3,33423360.0,253.091
2022-02-03T19:31:07Z,bikuqo,GCP,asia-east1,AWS,eu-west-2,33816576.0,244.968
2022-02-03T19:30:59Z,bikuqo,AWS,eu-west-3,GCP,asia-east1,99745792.0,253.223
2022-02-03T19:30:59Z,bikuqo,AWS,eu-west-2,AWS,us-east-1,110886912.0,75.78
2022-02-03T19:30:59Z,bikuqo,AWS,eu-west-2,GCP,asia-east1,101187584.0,245.388
2022-02-03T19:31:01Z,bikuqo,AWS,us-east-1,AWS,eu-west-1,128974848.0,65.646
2022-02-03T19:31:07Z,bikuqo,GCP,asia-east2,AWS,eu-west-1,34471936.0,255.902
2022-02-03T19:31:01Z,bikuqo,AWS,us-east-1,GCP,asia-east2,133038080.0,194.539
2022-02-03T19:31:00Z,bikuqo,AWS,eu-west-1,GCP,asia-east1,102236160.0,254.731
2022-02-03T19:56:53Z,nehepi,GCP,asia-northeast1,GCP,europe-north1,103022592.0,251.462
2022-02-03T19:56:53Z,nehepi,GCP,asia-northeast3,GCP,australia-southeast2,166330368.0,159.582
2022-02-03T19:56:53Z,nehepi,GCP,australia-southeast2,GCP,asia-northeast1,195166208.0,133.459
2022-02-03T19:56:47Z,nehepi,GCP,europe-north1,GCP,asia-northeast1,102236160.0,251.426
2022-02-03T19:56:47Z,nehepi,GCP,europe-north1,GCP,australia-southeast2,50069504.0,306.879
2022-02-03T19:56:53Z,nehepi,GCP,asia-northeast3,GCP,europe-north1,91881472.0,276.38
2022-02-03T19:56:53Z,nehepi,GCP,australia-southeast2,GCP,europe-north1,77070336.0,306.659
2022-02-03T19:56:52Z,nehepi,GCP,asia-northeast2,GCP,australia-southeast2,193724416.0,140.148
2022-02-03T19:56:52Z,nehepi,GCP,asia-northeast2,GCP,europe-north1,98304000.0,257.961
2022-02-03T19:56:53Z,nehepi,GCP,australia-southeast2,GCP,asia-northeast3,162791424.0,159.494
2022-02-03T19:56:52Z,nehepi,GCP,asia-northeast1,GCP,australia-southeast2,198705152.0,133.439
2022-02-03T19:56:47Z,nehepi,GCP,europe-north1,GCP,asia-northeast3,92405760.0,276.427
2022-02-03T19:56:47Z,nehepi,GCP,europe-north1,GCP,asia-northeast2,99221504.0,256.926
2022-02-03T19:56:53Z,nehepi,GCP,australia-southeast2,GCP,asia-northeast2,187957248.0,140.152
2022-02-03T20:03:44Z,nehepi,GCP,asia-south1,GCP,us-west3,112197632.0,236.334
2022-02-03T20:03:51Z,nehepi,GCP,asia-south1,GCP,us-west2,119013376.0,223.577
2022-02-03T20:03:49Z,nehepi,GCP,us-west2,GCP,asia-south1,116260864.0,223.988
2022-02-03T20:03:48Z,nehepi,GCP,us-east4,GCP,asia-south1,122290176.0,209.906
2022-02-03T20:03:49Z,nehepi,GCP,us-west1,GCP,asia-south1,122028032.0,215.26
2022-02-03T20:03:52Z,nehepi,GCP,asia-south1,GCP,us-west4,117047296.0,230.91
2022-02-03T20:03:48Z,nehepi,GCP,us-west3,GCP,asia-south1,113639424.0,236.484
2022-02-03T20:03:49Z,nehepi,GCP,us-west4,GCP,asia-south1,115343360.0,231.163
2022-02-03T20:03:51Z,nehepi,GCP,asia-south1,GCP,us-west1,115998720.0,215.583
2022-02-03T20:04:26Z,nehepi,GCP,asia-south1,GCP,us-east4,127401984.0,209.798
2022-02-04T10:44:44Z,qacide,GCP,europe-west3,GCP,australia-southeast1,92930048.0,274.571
2022-02-04T10:44:49Z,qacide,GCP,asia-southeast2,GCP,europe-west6,87162880.0,200.063
2022-02-04T10:44:44Z,qacide,GCP,europe-central2,GCP,asia-south2,147062784.0,169.101
2022-02-04T10:44:44Z,qacide,GCP,europe-west6,GCP,europe-west3,521666560.0,6.098
2022-02-04T10:44:44Z,qacide,GCP,europe-west6,GCP,asia-south2,79298560.0,149.751
2022-02-04T10:44:50Z,qacide,GCP,australia-southeast1,GCP,europe-west6,33030144.0,279.731
2022-02-04T10:44:44Z,qacide,GCP,europe-central2,GCP,asia-southeast2,112066560.0,222.701
2022-02-04T10:44:48Z,qacide,GCP,asia-south2,GCP,europe-west3,139591680.0,155.3
2022-02-04T10:44:49Z,qacide,GCP,australia-southeast1,GCP,europe-central2,87949312.0,287.496
2022-02-04T10:44:45Z,qacide,GCP,europe-central2,GCP,australia-southeast1,57540608.0,287.933
2022-02-04T10:44:44Z,qacide,GCP,europe-west6,GCP,europe-central2,462684160.0,21.258
2022-02-04T10:44:49Z,qacide,GCP,asia-southeast2,GCP,europe-central2,98304000.0,222.735
2022-02-04T10:44:50Z,qacide,GCP,australia-southeast1,GCP,europe-west3,66453504.0,274.269
2022-02-04T10:44:44Z,qacide,GCP,europe-central2,GCP,europe-west6,698089472.0,20.694
2022-02-04T10:44:47Z,qacide,GCP,asia-south2,GCP,europe-central2,159514624.0,169.159
2022-02-04T10:44:45Z,qacide,GCP,europe-west6,GCP,australia-southeast1,23461888.0,280.024
2022-02-04T10:44:49Z,qacide,GCP,asia-southeast2,GCP,europe-west3,123600896.0,204.09
2022-02-04T10:44:44Z,qacide,GCP,europe-west3,GCP,asia-south2,179568640.0,155.694
2022-02-04T10:44:47Z,qacide,GCP,asia-south2,GCP,europe-west6,131203072.0,149.11
2022-02-04T10:44:44Z,qacide,GCP,europe-west6,GCP,asia-southeast2,110624768.0,200.291
2022-02-04T10:44:49Z,qacide,GCP,asia-southeast2,GCP,australia-southeast1,254803968.0,108.022
2022-02-04T10:44:44Z,qacide,GCP,europe-west3,GCP,asia-southeast2,126746624.0,205.655
2022-02-04T10:44:44Z,qacide,GCP,europe-west3,GCP,europe-west6,651165696.0,6.389
2022-02-04T11:03:51Z,socaye,GCP,asia-southeast1,AWS,eu-north-1,37486592.0,220.214
2022-02-04T11:03:51Z,socaye,GCP,asia-southeast1,AWS,sa-east-1,24510464.0,330.326
2022-02-04T11:03:44Z,socaye,AWS,eu-north-1,GCP,us-central1,227672064.0,121.185
2022-02-04T11:03:49Z,socaye,GCP,us-central1,AWS,eu-north-1,69730304.0,120.556
2022-02-04T11:03:45Z,socaye,AWS,eu-north-1,GCP,asia-southeast1,103546880.0,220.274
2022-02-04T11:03:48Z,socaye,GCP,us-central1,AWS,us-west-2,133169152.0,64.467
2022-02-04T11:03:50Z,socaye,AWS,sa-east-1,GCP,us-central1,197656576.0,142.567
2022-02-04T11:03:51Z,socaye,GCP,asia-southeast1,AWS,us-east-2,40370176.0,221.236
2022-02-04T11:03:51Z,socaye,GCP,asia-southeast1,GCP,us-central1,141688832.0,194.915
2022-02-04T11:03:48Z,socaye,AWS,us-west-2,GCP,us-central1,455737344.0,65.022
2022-02-04T11:03:50Z,socaye,AWS,sa-east-1,GCP,asia-southeast1,71827456.0,331.346
2022-02-04T11:03:47Z,socaye,AWS,us-east-2,GCP,asia-southeast1,117702656.0,220.637
2022-02-04T11:03:49Z,socaye,GCP,us-central1,AWS,sa-east-1,58195968.0,141.855
2022-02-04T11:03:48Z,socaye,AWS,us-west-2,GCP,asia-southeast1,156237824.0,169.396
2022-02-04T11:03:46Z,socaye,AWS,us-east-2,GCP,us-central1,1032978432.0,20.778
2022-02-04T11:03:51Z,socaye,GCP,asia-southeast1,AWS,us-west-2,50331648.0,169.41
2022-02-04T11:03:49Z,socaye,GCP,us-central1,GCP,asia-southeast1,143785984.0,195.664
2022-02-04T11:03:48Z,socaye,GCP,us-central1,AWS,us-east-2,441319424.0,20.67
2022-02-06T10:09:42Z,tiyawu,GCP,us-west4,AWS,ap-southeast-2,57016320.0,146.802
2022-02-06T10:09:49Z,tiyawu,AWS,ap-southeast-1,GCP,us-west4,155713536.0,170.838
2022-02-06T10:09:42Z,tiyawu,GCP,us-west2,AWS,ap-south-1,34734080.0,254.076
2022-02-06T10:09:41Z,tiyawu,GCP,us-west3,AWS,ap-southeast-2,55836672.0,153.499
2022-02-06T10:09:41Z,tiyawu,GCP,us-west3,AWS,ap-south-1,34209792.0,245.843
2022-02-06T10:09:49Z,tiyawu,AWS,ap-southeast-1,GCP,us-west2,160432128.0,165.258
2022-02-06T10:09:42Z,tiyawu,GCP,us-west2,AWS,ap-southeast-2,61341696.0,142.617
2022-02-06T10:09:42Z,tiyawu,GCP,us-west4,AWS,ap-south-1,34471936.0,253.152
2022-02-06T10:09:49Z,tiyawu,AWS,ap-southeast-1,GCP,us-west3,151781376.0,177.441
2022-02-06T10:09:42Z,tiyawu,AWS,ap-southeast-2,GCP,us-west3,171835392.0,153.662
2022-02-06T10:09:40Z,tiyawu,AWS,ap-south-1,GCP,us-west2,98172928.0,253.946
2022-02-06T10:09:49Z,tiyawu,GCP,us-west2,AWS,ap-southeast-1,50593792.0,164.997
2022-02-06T10:09:40Z,tiyawu,AWS,ap-south-1,GCP,us-west3,103022592.0,246.781
2022-02-06T10:09:42Z,tiyawu,AWS,ap-southeast-2,GCP,us-west2,190054400.0,142.658
2022-02-06T10:09:48Z,tiyawu,GCP,us-west3,AWS,ap-southeast-1,47316992.0,177.539
2022-02-06T10:09:40Z,tiyawu,AWS,ap-south-1,GCP,us-west4,91881472.0,253.653
2022-02-06T10:09:42Z,tiyawu,AWS,ap-southeast-2,GCP,us-west4,177864704.0,147.024
2022-02-06T10:09:49Z,tiyawu,GCP,us-west4,AWS,ap-southeast-1,48365568.0,170.939
2022-02-06T10:42:42Z,guxupe,GCP,us-west1,AWS,ap-northeast-3,83623936.0,99.931
2022-02-06T10:42:44Z,guxupe,GCP,southamerica-east1,AWS,ap-northeast-2,30277632.0,283.9
2022-02-06T10:42:44Z,guxupe,AWS,ap-northeast-2,GCP,us-east1,133562368.0,184.753
2022-02-06T10:42:42Z,guxupe,GCP,us-west1,AWS,ap-northeast-2,70909952.0,125.546
2022-02-06T10:42:45Z,guxupe,GCP,southamerica-east1,AWS,ap-northeast-3,33685504.0,260.819
2022-02-06T10:42:42Z,guxupe,GCP,us-east1,AWS,ap-northeast-3,54132736.0,161.467
2022-02-06T10:42:43Z,guxupe,AWS,ap-northeast-1,GCP,southamerica-east1,84148224.0,255.173
2022-02-06T10:42:43Z,guxupe,AWS,ap-northeast-1,GCP,us-east4,172490752.0,150.831
2022-02-06T10:42:43Z,guxupe,AWS,ap-northeast-3,GCP,us-east1,164233216.0,161.326
2022-02-06T10:42:43Z,guxupe,AWS,ap-northeast-1,GCP,us-west1,295567360.0,93.347
2022-02-06T10:42:42Z,guxupe,GCP,us-east1,AWS,ap-northeast-2,49807360.0,185.137
2022-02-06T10:42:41Z,guxupe,GCP,us-east4,AWS,ap-northeast-1,57933824.0,150.979
2022-02-06T10:42:42Z,guxupe,GCP,us-east1,AWS,ap-northeast-1,53346304.0,160.006
2022-02-06T10:42:41Z,guxupe,GCP,us-east4,AWS,ap-northeast-2,47448064.0,180.075
2022-02-06T10:42:44Z,guxupe,AWS,ap-northeast-2,GCP,us-west1,213778432.0,125.585
2022-02-06T10:42:44Z,guxupe,AWS,ap-northeast-2,GCP,southamerica-east1,77332480.0,285.572
2022-02-06T10:42:44Z,guxupe,AWS,ap-northeast-2,GCP,us-east4,137101312.0,180.335
2022-02-06T10:42:41Z,guxupe,GCP,us-east4,AWS,ap-northeast-3,58851328.0,155.891
2022-02-06T10:42:42Z,guxupe,GCP,us-west1,AWS,ap-northeast-1,93323264.0,93.472
2022-02-06T10:42:43Z,guxupe,AWS,ap-northeast-3,GCP,us-west1,282853376.0,100.33
2022-02-06T10:42:44Z,guxupe,AWS,ap-northeast-3,GCP,southamerica-east1,83755008.0,261.792
2022-02-06T10:42:43Z,guxupe,AWS,ap-northeast-1,GCP,us-east1,171966464.0,159.625
2022-02-06T10:42:44Z,guxupe,GCP,southamerica-east1,AWS,ap-northeast-1,33816576.0,254.914
2022-02-06T10:42:43Z,guxupe,AWS,ap-northeast-3,GCP,us-east4,161742848.0,156.102
2022-02-06T11:05:43Z,tevoyi,GCP,europe-west2,AWS,us-west-2,55443456.0,152.38
2022-02-06T11:05:45Z,tevoyi,GCP,northamerica-northeast1,AWS,sa-east-1,66715648.0,126.225
2022-02-06T11:05:45Z,tevoyi,AWS,us-west-2,GCP,northamerica-northeast1,318898176.0,87.796
2022-02-06T11:05:43Z,tevoyi,AWS,us-east-2,GCP,europe-west2,275251200.0,86.92
2022-02-06T11:05:45Z,tevoyi,GCP,northamerica-northeast2,AWS,us-west-2,102629376.0,80.261
2022-02-06T11:05:43Z,tevoyi,AWS,us-east-2,GCP,northamerica-northeast1,595329024.0,24.778
2022-02-06T11:05:45Z,tevoyi,GCP,northamerica-northeast1,AWS,us-east-2,367919104.0,24.344
2022-02-06T11:05:46Z,tevoyi,AWS,sa-east-1,GCP,northamerica-northeast2,199753728.0,133.693
2022-02-06T11:05:43Z,tevoyi,AWS,us-east-2,GCP,europe-west4,249823232.0,95.502
2022-02-06T11:05:44Z,tevoyi,GCP,europe-west4,AWS,us-west-2,54132736.0,158.432
2022-02-06T11:05:44Z,tevoyi,GCP,europe-west4,AWS,sa-east-1,42336256.0,197.214
2022-02-06T11:05:46Z,tevoyi,AWS,sa-east-1,GCP,northamerica-northeast1,208404480.0,127.115
2022-02-06T11:05:45Z,tevoyi,GCP,northamerica-northeast2,AWS,sa-east-1,62259200.0,133.804
2022-02-06T11:05:43Z,tevoyi,AWS,us-east-2,GCP,northamerica-northeast2,348782592.0,27.136
2022-02-06T11:05:47Z,tevoyi,AWS,sa-east-1,GCP,europe-west2,134086656.0,188.712
2022-02-06T11:05:45Z,tevoyi,AWS,us-west-2,GCP,europe-west4,31850496.0,158.602
2022-02-06T11:05:43Z,tevoyi,GCP,europe-west2,AWS,us-east-2,95944704.0,86.643
2022-02-06T11:05:44Z,tevoyi,GCP,europe-west4,AWS,us-east-2,91619328.0,95.25
2022-02-06T11:05:45Z,tevoyi,AWS,us-west-2,GCP,northamerica-northeast2,344195072.0,80.494
2022-02-06T11:05:47Z,tevoyi,AWS,sa-east-1,GCP,europe-west4,125173760.0,196.148
2022-02-06T11:05:45Z,tevoyi,AWS,us-west-2,GCP,europe-west2,179961856.0,152.819
2022-02-06T11:05:45Z,tevoyi,GCP,northamerica-northeast2,AWS,us-east-2,301989888.0,26.502
2022-02-06T11:05:45Z,tevoyi,GCP,northamerica-northeast1,AWS,us-west-2,97517568.0,87.254
2022-02-06T11:05:43Z,tevoyi,GCP,europe-west2,AWS,sa-east-1,43909120.0,188.73
2022-02-06T11:12:02Z,zediti,GCP,asia-northeast1,AWS,eu-west-1,35651584.0,227.633
2022-02-06T11:11:55Z,zediti,AWS,eu-west-2,GCP,europe-west1,806879232.0,13.303
2022-02-06T11:11:55Z,zediti,AWS,eu-west-1,GCP,asia-northeast2,101580800.0,235.968
2022-02-06T11:11:55Z,zediti,AWS,eu-west-2,GCP,asia-northeast1,111017984.0,219.378
2022-02-06T11:11:55Z,zediti,AWS,eu-west-1,GCP,asia-northeast3,97124352.0,253.01
2022-02-06T11:12:03Z,zediti,GCP,asia-northeast3,AWS,eu-west-1,32112640.0,253.128
2022-02-06T11:11:57Z,zediti,GCP,europe-west1,AWS,eu-west-3,609222656.0,5.509
2022-02-06T11:11:55Z,zediti,AWS,eu-west-3,GCP,asia-northeast1,100925440.0,226.021
2022-02-06T11:12:03Z,zediti,GCP,asia-northeast2,AWS,eu-west-2,37224448.0,225.568
2022-02-06T11:12:03Z,zediti,GCP,asia-northeast2,AWS,eu-west-3,40370176.0,231.783
2022-02-06T11:11:57Z,zediti,GCP,europe-west1,AWS,eu-west-2,371982336.0,9.308
2022-02-06T11:11:55Z,zediti,AWS,eu-west-3,GCP,europe-west1,1143734272.0,10.375
2022-02-06T11:11:55Z,zediti,AWS,eu-west-3,GCP,asia-northeast3,100401152.0,250.849
2022-02-06T11:11:57Z,zediti,GCP,europe-west1,AWS,eu-west-1,239599616.0,19.433
2022-02-06T11:11:55Z,zediti,AWS,eu-west-1,GCP,europe-west1,758906880.0,23.28
2022-02-06T11:12:02Z,zediti,GCP,asia-northeast2,AWS,eu-west-1,35913728.0,235.417
2022-02-06T11:11:55Z,zediti,AWS,eu-west-3,GCP,asia-northeast2,100270080.0,232.189
2022-02-06T11:12:03Z,zediti,GCP,asia-northeast3,AWS,eu-west-2,34734080.0,243.628
2022-02-06T11:11:55Z,zediti,AWS,eu-west-2,GCP,asia-northeast3,96993280.0,243.259
2022-02-06T11:12:02Z,zediti,GCP,asia-northeast1,AWS,eu-west-3,37617664.0,226.237
2022-02-06T11:12:02Z,zediti,GCP,asia-northeast1,AWS,eu-west-2,38666240.0,219.295
2022-02-06T11:11:55Z,zediti,AWS,eu-west-1,GCP,asia-northeast1,113377280.0,226.58
2022-02-06T11:11:55Z,zediti,AWS,eu-west-2,GCP,asia-northeast2,117702656.0,225.704
2022-02-06T11:12:03Z,zediti,GCP,asia-northeast3,AWS,eu-west-3,33161216.0,252.095
2022-02-06T11:16:41Z,qimeka,AWS,ca-central-1,GCP,us-west2,368443392.0,76.7
2022-02-06T11:16:43Z,qimeka,GCP,us-west3,AWS,ca-central-1,141950976.0,59.773
2022-02-06T11:16:41Z,qimeka,AWS,ca-central-1,GCP,asia-south2,87031808.0,280.825
2022-02-06T11:16:43Z,qimeka,GCP,us-west3,AWS,eu-north-1,60555264.0,142.505
2022-02-06T11:16:41Z,qimeka,AWS,ca-central-1,GCP,us-west3,343146496.0,58.886
2022-02-06T11:16:44Z,qimeka,GCP,us-west4,AWS,eu-north-1,54263808.0,160.346
2022-02-06T11:16:41Z,qimeka,AWS,ca-central-1,GCP,us-west4,332267520.0,70.55
2022-02-06T11:16:44Z,qimeka,GCP,us-west2,AWS,eu-north-1,52690944.0,164.478
2022-02-06T11:16:44Z,qimeka,GCP,us-west2,AWS,ca-central-1,111017984.0,77.225
2022-02-06T11:16:45Z,qimeka,GCP,asia-south2,AWS,ca-central-1,30015488.0,277.934
2022-02-06T11:16:44Z,qimeka,GCP,asia-south2,AWS,ap-southeast-2,52953088.0,162.915
2022-02-06T11:16:43Z,qimeka,GCP,us-west4,AWS,ca-central-1,117571584.0,71.659
2022-02-06T11:16:39Z,qimeka,AWS,eu-north-1,GCP,us-west4,168296448.0,159.888
2022-02-06T11:16:45Z,qimeka,GCP,asia-south2,AWS,eu-north-1,45744128.0,184.518
2022-02-06T11:16:39Z,qimeka,AWS,eu-north-1,GCP,us-west3,179175424.0,142.577
2022-02-06T11:16:39Z,qimeka,AWS,eu-north-1,GCP,asia-south2,136445952.0,185.96
2022-02-06T11:16:44Z,qimeka,AWS,ap-southeast-2,GCP,asia-south2,167116800.0,163.094
2022-02-06T11:16:39Z,qimeka,AWS,eu-north-1,GCP,us-west2,149946368.0,164.342
2022-02-06T11:56:46Z,carufu,GCP,us-west1,AWS,ap-south-1,36044800.0,243.068
2022-02-06T11:56:43Z,carufu,AWS,us-east-1,GCP,southamerica-east1,174194688.0,116.089
2022-02-06T11:56:46Z,carufu,GCP,us-west1,AWS,ap-southeast-1,54263808.0,153.663
2022-02-06T11:56:45Z,carufu,AWS,ap-south-1,GCP,southamerica-east1,71303168.0,328.311
2022-02-06T11:56:48Z,carufu,GCP,southamerica-east1,AWS,ap-southeast-1,26869760.0,315.792
2022-02-06T11:56:45Z,carufu,GCP,us-east4,AWS,ap-south-1,39190528.0,214.902
2022-02-06T11:56:45Z,carufu,AWS,ap-southeast-1,GCP,us-east1,117833728.0,216.811
2022-02-06T11:56:45Z,carufu,GCP,us-east1,AWS,ap-southeast-1,41680896.0,216.669
2022-02-06T11:56:44Z,carufu,GCP,us-east4,AWS,us-east-1,1131413504.0,1.41
2022-02-06T11:56:45Z,carufu,AWS,ap-south-1,GCP,us-east4,119537664.0,218.582
2022-02-06T11:56:45Z,carufu,GCP,us-east1,AWS,ap-south-1,36306944.0,229.105
2022-02-06T11:56:43Z,carufu,AWS,us-east-1,GCP,us-east1,303431680.0,20.739
2022-02-06T11:56:46Z,carufu,GCP,us-west1,AWS,us-east-1,141950976.0,63.339
2022-02-06T11:56:45Z,carufu,AWS,ap-south-1,GCP,us-west1,106823680.0,241.627
2022-02-06T11:56:47Z,carufu,GCP,southamerica-east1,AWS,us-east-1,76546048.0,116.025
2022-02-06T11:56:44Z,carufu,GCP,us-east1,AWS,us-east-1,492175360.0,21.075
2022-02-06T11:56:45Z,carufu,AWS,ap-southeast-1,GCP,us-east4,117571584.0,213.835
2022-02-06T11:56:47Z,carufu,GCP,southamerica-east1,AWS,ap-south-1,25559040.0,326.959
2022-02-06T11:56:45Z,carufu,GCP,us-east4,AWS,ap-southeast-1,38666240.0,213.586
2022-02-06T11:56:45Z,carufu,AWS,ap-southeast-1,GCP,us-west1,172359680.0,153.611
2022-02-06T11:56:43Z,carufu,AWS,us-east-1,GCP,us-east4,1331036160.0,1.871
2022-02-06T11:56:45Z,carufu,AWS,ap-southeast-1,GCP,southamerica-east1,70778880.0,316.201
2022-02-06T11:56:43Z,carufu,AWS,us-east-1,GCP,us-west1,192675840.0,63.098
2022-02-06T11:56:45Z,carufu,AWS,ap-south-1,GCP,us-east1,110624768.0,229.303
2022-02-06T12:03:42Z,ducuru,GCP,europe-west4,GCP,northamerica-northeast1,304611328.0,86.597
2022-02-06T12:03:44Z,ducuru,GCP,northamerica-northeast1,AWS,eu-central-1,97910784.0,89.166
2022-02-06T12:03:44Z,ducuru,GCP,northamerica-northeast1,GCP,europe-west4,280625152.0,86.343
2022-02-06T12:03:40Z,ducuru,AWS,eu-central-1,GCP,europe-west4,944898048.0,12.09
2022-02-06T12:03:40Z,ducuru,AWS,eu-central-1,GCP,northamerica-northeast2,225312768.0,98.747
2022-02-06T12:03:42Z,ducuru,GCP,europe-west4,AWS,eu-central-1,605945856.0,10.564
2022-02-06T12:03:44Z,ducuru,GCP,northamerica-northeast2,GCP,europe-west4,265945088.0,91.446
2022-02-06T12:03:44Z,ducuru,GCP,northamerica-northeast2,AWS,eu-central-1,83755008.0,97.597
2022-02-06T12:03:40Z,ducuru,AWS,eu-central-1,GCP,northamerica-northeast1,249167872.0,95.623
2022-02-06T12:03:42Z,ducuru,GCP,europe-west4,GCP,northamerica-northeast2,294125568.0,92.039
2022-02-06T13:15:42Z,xepova,AWS,eu-central-1,GCP,europe-west2,739508224,15.460
2022-02-06T13:15:48Z,xepova,AWS,ap-northeast-3,GCP,europe-west2,116916224,223.752
2022-02-06T13:15:45Z,xepova,GCP,europe-west2,AWS,ap-southeast-2,29622272,273.328
2022-02-06T13:15:49Z,xepova,AWS,ap-southeast-2,GCP,europe-west2,87687168,272.771
2022-02-06T13:15:43Z,xepova,AWS,eu-central-1,AWS,ap-southeast-2,32768000,265.297
2022-02-06T13:15:46Z,xepova,GCP,europe-north1,AWS,ap-northeast-3,34865152,256.637
2022-02-06T13:15:44Z,xepova,GCP,europe-west2,AWS,eu-central-1,546045952,16.104
2022-02-06T13:15:45Z,xepova,GCP,europe-west1,AWS,ap-northeast-3,39976960,227.801
2022-02-06T13:15:49Z,xepova,AWS,ap-southeast-2,AWS,eu-central-1,33292288,265.313
2022-02-06T13:15:48Z,xepova,AWS,ap-northeast-3,AWS,eu-central-1,38535168,220.399
2022-02-06T13:15:42Z,xepova,AWS,eu-central-1,GCP,europe-north1,151781376,30.657
2022-02-06T13:15:45Z,xepova,GCP,europe-west1,AWS,ap-southeast-2,28966912,277.162
2022-02-06T13:15:45Z,xepova,GCP,europe-north1,AWS,eu-central-1,297533440,30.700
2022-02-06T13:15:45Z,xepova,GCP,europe-north1,AWS,ap-southeast-2,26607616,304.152
2022-02-06T13:15:49Z,xepova,AWS,ap-northeast-3,GCP,europe-north1,101974016,256.051
2022-02-06T13:15:43Z,xepova,AWS,eu-central-1,AWS,ap-northeast-3,37093376,220.385
2022-02-06T13:15:49Z,xepova,AWS,ap-southeast-2,GCP,europe-west1,87031808,276.806
2022-02-06T13:15:45Z,xepova,GCP,europe-west2,AWS,ap-northeast-3,38141952,222.677
2022-02-06T13:15:48Z,xepova,AWS,ap-northeast-3,GCP,europe-west1,111149056,227.708
2022-02-06T13:15:42Z,xepova,AWS,eu-central-1,GCP,europe-west1,957480960,10.875
2022-02-06T13:15:44Z,xepova,GCP,europe-west1,AWS,eu-central-1,786169856,10.493
2022-02-06T13:15:49Z,xepova,AWS,ap-southeast-2,GCP,europe-north1,80609280,303.932
